n,T,rho,theta_mod_1,psi,actual,G0,G1,G2,rel0,rel1,rel2
5,14.3729465282134333866147218826690965134607876,6.43984140786335885490066090313821943169691472,0.382536448752322262260585584140111569123560673,-0.000000113109168024454027006217160216499256212260139,0.03125,0.0192965763173868048925172716365536397855428241,0.0337171517604844798494001954088086739617706627,0.0305720098354724690759129635070806068380447345,-0.38250955784362224343944730763028352686262963,0.0789488563355033551808062530818775667766612066,-0.0216956852648809895707851677734205811825684966
6,20.0043653221513419869492412438873835108705103,7.59739411198325184960046063404878656284811658,0.540089152872215256960385315050678700274762535,-0.00000183638344274467003317567268445549579164135811,0.015625,0.0102049682891315539709684752890129668577800621,0.0165568976393986002391116819404733793199086648,0.0154002315566510173651423905859357401814164841,-0.346882029495580545858017581503170121102076026,0.0596414489215104153031476441902962764741545481,-0.0143851803743348886308870025001126283893450179
7,26.454621651863680865820563252714818370639125,8.73681308781840997275368535008009298962423299,0.67950812870737338011361003108198512705087894,-0.0000019977497736453901565021362373464719443663014,0.0078125,0.00532722155335206077729640116160073044722027592,0.00817959996134859598564693235181900628132933343,0.00773349307600095315595945924694536455876978964,-0.318115641170936220506060651315106502755804682,0.0469887950526202861628073410328328040101546792,-0.0101128862718779960371892163909933364774669266
8,33.7079114552716981477118403561436620799778523,9.8620724693387607039281274822744920116587433,0.804767510227724111288052163276384149085389251,-0.000000896434942260913702477710687792764567341133153,0.00390625,0.00275663380147065447544949102300331961133079849,0.00405535567760119826776434938436476291749045338,0.00387724526141471602911044806763842934951374971,-0.294301746823512454284930298111150179499315586,0.0381710534659067565476734423973793068775560641,-0.00742521307783269654772529468456208652448007485
9,41.7521045497413733328842228055946189431950522,10.975933143071654635681273032382751095228979,0.918628183960618043041197713384643232655624992,0.000000587403193290124658991802485694650637522868332,0.001953125,0.00141757768073201053322648567642624670910737876,0.0020151170336889222193342787131608981189549707,0.00194211167736331516351622548503832479393788055,-0.274200227465210606988039333669761684937022073,0.0317399212487281762991507011383798369049449999,-0.00563882118998263627969255166037770550380516038
10,50.5775682823421608125396993328266734417821547,12.0803979190387567649693396935425489398413923,0.0230929599277201723292643745444410772680383013,0.00000171186260688248917415760917782760440482106586,0.0009765625,0.000725620638927128830156012448251355015888444446,0.00100281489470359584700290687900687403067513586,0.000972266128872840329146658598672454217266389899,-0.256964465738620077920243252990612463730232887,0.0268824521764821473309766441030390074113391187,-0.00439948403421150295382159495940688151921674363
11,60.1764547534457830680174383639628782986922499,13.1769702778047822689024650440828738522247618,0.119665318693745676262389725084765989651407734,0.00000212461304092588808495193004165686364353909515,0.00048828125,0.00037012019389473032607768238524926211749824429,0.000499565649423335252386490507550519939603121111,0.00048656765560379173398195302668832424295639786,-0.241993842903592292192906475009511183363595694,0.0231104500189905968875325594634648363071920352,-0.00350944132343452880496020134231195042529718209
12,70.5422403196247247039458829284991820860272794,14.2668104552012658544543758246585859450719704,0.209505496090229261814300505660478082498616341,0.000001826423728899382829090838193910405597571946,0.000244140625,0.000188269306197377861954485797410388596606880023,0.000249051434503499447916462094571262637906638487,0.000243444407857510900990771932290805593346118913,-0.228848921815540277434426173807048308298219425,0.0201146757263337386658287393638917648655912426,-0.00285170541563534954179816533686028965429693389
13,81.6694129260710622183381153001536077065477061,15.3508343109262779731835701465158965675049843,0.293529351815241380543494827517788704931630223,0.00000103016584586695872909996807661366309693949651,0.0001220703125,0.0000955566505301739566262310837338968659354199825,0.000124229808545099431912184689956363315058477243,0.000121782985812952126602881917624070978532652274,-0.217199918856814947317914962051916874257039504,0.0176905916014545462246169801225282769590455723,-0.00235378022029617886919133082361054386051257203
14,93.5532514304757245407483223644472677134698616,16.4297785680626657553731534235855579023776736,0.372473608951629162733078104587450039804319526,0.000000021220546079890020615144081997133475197461188,0.00006103515625,0.0000484134530496800270208326851945041004462107372,0.0000619932858162461335556263039358410300250058454,0.0000609149787944985670783135590926342342595438932,-0.206793985234042437290677285773244818289283282,0.0156979948133766521753813636848194359296957705,-0.00196898743093547698891064782628070589163285305
15,106.189665013148204947940637285508262650369043,17.5042453769437988017467132945407865469600644,0.446940417832762209106637975542678684386710384,-0.000000939585326697274815990491415288458960991370349,0.000030517578125,0.0000244923807969178833811152492043189883862739615,0.000030945979782345424859987883723210132396050354,0.0000304667271571880160081417223428029762837071892,-0.19743366604659479736761551407287538855857483,0.0140378655078948818120829738421496183537780014,-0.00166628451326309144521204227103207313548282451
16,119.575073389762988947147378339449467753713473,18.5747336666421634916428698163642064738124367,0.517428707531126899002794497366098611239082613,-0.00000166595358803540908053630271636161916340020298,0.0000152587890625,0.0000123754534379109092782412222464065345566968339,0.0000154516369004132640410445452262472724880628905,0.000015237053778660793863048941138495203418462897,-0.188962283493070649541183258859501351292316291,0.0126384759054836721938953159473412497776895926,-0.00142444356168621339122459354757834876761558003
17,133.706315613171063954761784598072033083926737,19.6416617662893520539020667095671786174894372,0.5843568071783154612619913905690707549160832,-0.00000205962555380912351001120542473572110740350361,0.00000762939453125,0.0000062465380828040465349608815647752902994676948,0.00000771672613948880121495351069922216527345907778,0.00000762002113996781167188333818797556515931520798,-0.181253760410708012569607331541773149868170307,0.0114467285550761528463865543684476467228282423,-0.00122858914213898854290709702566672343823705962
18,148.580579424289942604498354965774338808186919,20.7053840876150787655868709526555734623551952,0.648079128504042172946795633657465599781841151,-0.00000210127355107656322549830947578119487127304586,0.000003814697265625,0.00000315015649402099548850844262864926573498356245,0.00000385445622436262206223791312185737866601804499,0.0000038106229061118738261876419201785449665246059,-0.174205376031360158660442815555366883168469006,0.0104225724793151978832954974161806730246343863,-0.00106806890020894770786679647671550829537371143
19,164.195345689152238997847898234033553803025567,21.7662036636060616910104473283857467148473957,0.708898704495025098370372009387638852274041692,-0.00000183055706703356111186856359216010308132378395,0.0000019073486328125,0.0000015874242640362756045906012064489075640934028,0.00000192553576984708341071656306827053407442291603,0.00000190556506090520752644196633351808790656111934,-0.167732507456949135820402874673315151036598032,0.0095352977015876672377654179374217688110417991,-0.000935105348130556376794354932468727644883862865
20,180.548344112128197495378155732796962380334856,22.8243817305652958861406313373487294109572425,0.767076771454259293500556018350621548383888469,-0.00000132354097335422418604523544872006906012606862,0.00000095367431640625,0.000000799403433077614228453789211006358055931767648,0.000000962029469610641310424588091384910981299601315,0.000000952888564874845573630197944916944358460488325,-0.161764745757207582784839524279797095143290807,0.00876101312644782271977288251202441712721074846,-0.00082392019779392778514155971077015238293499368
21,197.637517509819982493656292570951111859188767,23.880145158898132670461709077354577416690951,0.822840199787096077821633758356469554117596976,-0.000000672297666249588666160472863317006117956559924,0.000000476837158203125,0.000000402334698521569758873848052500880682914190945,0.000000480690427375345386875914983852301406327951777,0.000000476488994358535769015435332899638993810972567,-0.156242982326092937038191809001673074065138631,0.00808089115106032877759886021582159888347672495,-0.000730152503007994937741760738856284851331259741
22,215.460992674330397786619110594271744087950837,24.9336922912058790173743584784575439273869739,0.876387332094842424734283159459436064813619811,0.0000000310459137793321408940549459949934522420191443,0.0000002384185791015625,0.000000202389432884693347177159276366975907933898892,0.00000024020193138258694383151450381616163195155932,0.000000238263496405641549426817907916963317636664736,-0.151117192093999155161452138496887481449216143,0.00747992160570994886029660941414199754095306194,-0.000650463971832026672899941552249088983266549165
23,234.017056372012155351746251243483569299945435,25.9851975829061161733238787954499817607023177,0.92789262379507958068380347645187389812896363,0.000000705243800210112336604711863906458067575329415,0.00000011920928955078125,0.000000101763638834851973845345239900569454932698741,0.000000120037318662224434626688973089799433972518401,0.000000119139878017505851721757336005015989936465045,-0.146344725160850053385146157808163865795923883,0.00694601162848519010492013317287625021733963593,-0.000582266143326272200052637129634826691049828943
24,253.304135390349147046428377264697029646940755,27.0348153300266982092633726898332287314955426,0.977510370915661616623297370835120868922188527,0.00000128624845979182110664714312895543583765214448,0.000000059604644775390625,0.0000000511474028397133567533689146396320371098229008,0.0000000599902466058364349141223883908252307205256093,0.0000000595734400452298518247932059401416546949664224,-0.141888974719115635663670991405331152888485472,0.00646932519938472922417276046876731404809378065,-0.000523528498129006287450228609760388585134218606
25,273.320779809514977307726884999250154681873468,28.0826826924740783137854746967847277109561604,0.0253777333630417211453993777866198483828063352,0.00000172977003702292142127582922206378450681925624,0.0000000298023223876953125,0.0000000256979964031189051743785926057594253249051438,0.0000000299823818111424938660935563623517566400627704,0.0000000297882365790398892578133580232680849283852467,-0.137718327155302108411865372154342554576392446,0.006041791680017652740253342598699378259534706,-0.000472641308693410611171209516596626500272371111
26,294.065648867838711258253526168131782724601021,29.1289221674069542101417773255055109878625115,0.0716172082959176175017020065074031252891574239,0.0000020110694893226715218553763672717974516416438,0.00000001490116119384765625,0.000000012907306457589963312005839614714139920978444,0.0000000149854531206092659240742514042125653418673722,0.0000000148947787859447958021315405981393130331608768,-0.133805326331273384329610542090336385166086855,0.00565673544934282403853326338711007461849098598,-0.000428316143945587006983531888990188604179228554
27,315.537498932872787015118638359329449765849298,30.1736436290005305344816848576401425964875716,0.116338669889493941841609538642034733914217578,0.00000212292179859301190175873835370380771351300261,0.000000007450580596923828125,0.00000000648106632932051774521083672154041236512690673,0.00000000749013270112540309133631340284476366930094003,0.00000000744767850125357502346032324315566993702145513,-0.130126002261300324454118614255877192169560147,0.00530859356355464600333646882577291639051551972,-0.000389512687300008473608716158054430735077205457
28,337.735173196294976053177810091766112290987238,31.2169460230839979802084293462701672504835308,0.159641063972961387568354027272059387910176735,0.00000207253793271261344951273574370156949225007119,0.0000000037252902984619140625,0.00000000325344753530747783809346572966453040590535364,0.00000000374388954877486161094797873123924149891210674,0.00000000372396638908969505601682858525118022089283142,-0.126659327287661086321486356237129053464931304,0.00499269823901421787171526299850723685459487677,-0.000355384216034282737177075044264562866452070631
29,360.657592791382849667408384890456026443254025,32.2589187847044617756164502657522320963916104,0.20161382559342518297637494675412423381825637,0.00000187805629673256189381831488493038957931085968,0.00000000186264514923095703125,0.00000000163281937670762954646278384711593209183676347,0.00000000187140909515647794792666024931590637910632291,0.0000000018620393490428027328893970356523871222976483,-0.12338677209570336803237886194000096812552904,0.00470510764175309861127459716437803385742932599,-0.000325236499504169757577018339206410675006023603
30,384.303749093231459205417107532341695081280127,33.2996430314753222287512887264657803936056789,0.242338072364285636111213407467672531032324872,0.00000156504132888137875938390804218836985677680273,0.000000000931322574615478515625,0.000000000819291974778265644629671264352181892888610201,0.00000000093545995007095971028323244627674715929304459,0.000000000931044578112362933174652507600792731317862649,-0.120291940613023051178800972094102035950011054,0.00444247306814120875002956348117650360613224846,-0.000298496472320947183058505922550948828816235653
31,408.672697009194795393684557162488525442851433,34.3391925741384676179642626517209445420738576,0.281887615027431025324187332722836679500503528,0.0000011632764179106944154291619483749111156181766,0.0000000004656612873077392578125,0.00000000041101115394481671144381685104826974605999743,0.000000000467617965217470979529027525467855376661335025,0.000000000465533375686477435216891316098144309634660086,-0.117360267757895417817268841666989061643043093,0.00420193381555169245312935228412297100909780103,-0.000274688115048933150746565286035931915318611548
32,433.763549103784827692333491337990211722037838,35.3776347770855574120032156158052181509061622,0.320329817974520819363140296807110288332808144,0.000000704017164243601598315919591602274500562627172,0.00000000023283064365386962890625,0.000000000206153195432264079482991410218189254464148787,0.000000000233757550203687051008693111831939193857882781,0.000000000232771641176664917607698311366347373119631692,-0.114578767652529195385007304863956927737858954,0.00398103331791402270102072701864948588021061652,-0.000253413709977220524401194847112957475672386045
33,459.575470431052813338650827602311827131434994,36.415031294922494736459443371582729288968992,0.357726335811458143819368052584621426395637956,0.000000217779465828219099786349343606036241880245071,0.000000000116415321826934814453125,0.000000000103384277008904372714436910296079125814756863,0.000000000116855098371497057901613026373619065790014331,0.000000000116388041159595205487012294718424060359355157,-0.111935822652302036800197446446108955194699841,0.00377765175288544449529266784455872946036791193,-0.000234339148073351669764882868910264194079188116
34,486.107673970211524667221981067920169010849552,37.4514387060068283455974259339752504343203089,0.394133746895791752957350614977142571746954824,-0.000000267328082265720298519938117256658410061170653,0.0000000000582076609134674072265625,0.0000000000518385201220124639291584470734188085433324538,0.0000000000584166235937001088214538937298837708437567299,0.0000000000581950192386535192983171206053108370336183566,-0.109421005611674150879539236070077225580406848,0.00358995151073583607914230696684101462037392223,-0.000217182319569262153692396653208924104894023288
35,513.359416578345916244048649617086712606670294,38.486909059866866916730385687472071718324168,0.429604100755830324090310368473963855750813907,-0.000000726760900663307645339519799167330279495386506,0.00000000002910383045673370361328125,0.0000000000259889950572049093734153900474621841192589925,0.0000000000292032588268116884650585033092453390175390095,0.0000000000290979601014015666964909159313084022399565991,-0.107024929387194120564296383384528251288416507,0.00341633278223623926373368351933204416610252931,-0.000201703873339418203270064911560239114986097673
36,541.32999538855836702584689392282443936482197,39.521490352250598953257880582792803296102038,0.464185393139562360617805263794695433528683925,-0.00000114024325450286707536771709413082412269515999,0.000000000014551915228366851806640625,0.0000000000130277604505818181542903001707719451461055149,0.0000000000145992874919398080495730640657230052653266817,0.0000000000145491838366213370107657267475419713602996621,-0.10473911879406186968166525882418048837073395,0.00325539716453342677494171079668963535062240803,-0.000187699811512806447468859226156553922309098147
37,570.018744593597309251787134951180983101664176,40.5552269390502969545804088163263197788464993,0.497921979939260361940333497328211916273145272,-0.0000014920928305700370848383595928241482412919651,0.0000000000072759576141834259033203125,0.00000000000652976522414018729779256294045107386482321414,0.00000000000729855613945338275798493404124645404305532364,0.00000000000727468435421738578022147574020808753421932394,-0.102555901176313146773322533719713352400127054,0.00310591766311341638769838617186032610846691091,-0.000174995517230348778666177886363897786327129804
38,599.425032564527481993379415080284696698935864,41.5881598983544641661238794614821325796296688,0.530854939243427573483804142484024717056314738,-0.00000177124013238668019222334604559508500598894654,0.00000000000363797880709171295166015625,0.0000000000032724772154745800607244250302734503934644156,0.00000000000364877201292512998646134807143458659720986196,0.00000000000363738421252565346340632655923759375283988119,-0.100468312488418145270713627300590119871488182,0.0029668138287054456576264150325901592509620462,-0.000163440909798708073004458789013000820403403125
39,629.548259261776851238842859941948319162818541,42.6203273482793627996025836279991227849889974,0.563022389168326206962508309001014922415643321,-0.00000197101505183673877870713505818592248424599558,0.000000000001818989403545856475830078125,0.00000000000163987348720732737409229953024976141286820312,0.00000000000182415011484725174277582287642474621289779279,0.00000000000181871126825574608256361058317476060691545117,-0.0984700163669829832586260265140623385508241952,0.00283713104173955464974892975781560185547179935,-0.000152906492785614247574618314869163605635303399
40,660.387853902293967241982429588288225405637956,43.6517647269419060298171349430624649535987495,0.594459767830869437177059624064357091025395436,-0.00000208876647301913109242085318325530999012097657,0.0000000000009094947017729282379150390625,0.000000000000821678227901668500511120364500210807223215902,0.00000000000091196491045253290117379419572583869799813916,0.000000000000909364389268507610829662857162949708301176064,-0.0965552341317373661366729600389107706548549455,0.00271602316625852695179419721653764865874646022,-0.000143280113855090882432666055478184948149526341
41,691.943272851844957936533514226458408692822577,44.6825050398886124312557900842500221878659864,0.625200080777575838615714765251914325292632373,-0.00000212537222116658461897208034272490215872688062,0.00000000000045474735088646411895751953125,0.00000000000041167428024783865572285294792912145510307064,0.000000000000455930939077143380358327397119054975958500106,0.000000000000454686203604401517878742879024523217805803662,-0.0947186840223714298807005945995430012520341968,0.00260273795630041074785532512621861896592599375,-0.000134464295269457437716500990355659536070856341
42,724.21399771588586098773382476192786619587368,45.7125790794411337143098583877451499841030544,0.65527412033009712166978306874704212152970036,-0.00000208468733555724168171743382490189373930857153,0.000000000000227373675443232059478759765625,0.000000000000206238035327112905873249662250327056139609398,0.000000000000227941337635143035728448025231127301441603437,0.000000000000227344941316806730247632664145170363656534087,-0.0929555282726475849470631724972027172622557464,0.00249660472261971838550405652835799132612650569,-0.000126374024474540476133095500944887548681339106
43,757.199533606131921889689133825092107777351698,46.7420156197184657682448299115949868039880518,0.684710660607429175604754592596878941414697731,-0.00000197296936854127384698759364454662668537416149,0.0000000000001136868377216160297393798828125,0.000000000000103311626064484616037160364770353814898345546,0.000000000000113959347784768227291402760117729733406467227,0.000000000000113673316386947233489935490629077401839241126,-0.0912613268612247286277716226127868204293495075,0.00239702386497450630444957013971418060303445291,-0.000118934917531137808488699081519293333113070621
44,790.899407563043868707166862424831147347989519,47.7708415905188446348720796480989163966309324,0.713536631407808042232004329100808534057578368,-0.00000179831073338288960952035121773102329463446557,0.00000000000005684341886080801486968994140625,0.0000000000000517484297136097688502838006042857004219113561,0.000000000000056974355285978079010169982243192239342359622,0.0000000000000568370477545747907747769035819574499607307593,-0.089631996971791960809109733728288273397503278,0.00230345795158252225160857655464503958093465225,-0.000112081686163616711846696629647346708909689883
45,825.313167117067799160396185983192952149069757,48.7990822327665916191143962904050386931107432,0.741777273655555026474320971406930830537389181,-0.00000157010035315425490226692393382804024364709292,0.000000000000028421709430404007434844970703125,0.0000000000000259187863391425967459200742380415736011450401,0.0000000000000284846755700871454140830760714473975702803964,0.0000000000000284187036398526067428448712717513499798566421,-0.0880637773526710869668434716075566882382242155,0.0022154240876088969091742888259316281234568306,-0.000105756853181577454650948702191805994315474606
46,860.440378973684799813628007762860962924828653,49.8267612378319320024637331554017928309647172,0.769456278720895409823657836403684968391363117,-0.0000012985301489258518478107373921004601917142091,0.0000000000000142108547152020037174224853515625,0.0000000000000129808598089881113414070840584304189111423341,0.0000000000000142411591832904105311349351615234406172517602,0.0000000000000142094349133691217698931964490668308825264947,-0.0865531968951952168689644887460806276720843977,0.00213248736235328146044577844139876333149164836,-0.0000999096719610482207471016076022848091895798258
47,896.280627809216839007139305658138070011528383,50.8539008727000977302689071616838410967612094,0.796595913589061137628831842685733234187855372,-0.000000994156282387933021036123302660353840711892267,7.10542735760100185871124267578125e-15,6.5007764728156619488387829324914157737403563e-15,7.12002371871939919770135677291717204158282435e-15,7.10475592872039334182228042068601634581788126e-15,-0.0850970468565155477306016441468975006038961055,0.00205425520293060787883100453297692460331114996,-0.000094495214266072059646985798039565441131270499
48,932.833515165951915375130970762086323137616105,51.8805220926878966452214703829550765066352383,0.823217133576860052581395063956968644061884224,-0.000000667520496100681079669748018195602934404533573,3.552713678800500929355621337890625e-15,3.25537869997405042402510399254495565289767012e-15,3.55974937524479741376592056492633459424447758e-15,3.55239580472681732870803398545790831963834967e-15,-0.083692356240438550865985252164920125753535968,0.00198037249280159817859131150778051667122330161,-0.0000894735974870128415809273857143067500199022567
49,970.09865843653870756150783470005241592745879,52.9066446431718207303233890662706046338077371,0.849339684060784137683313747272496771234383054,-0.000000328833288968312538673965948354735624728427599,1.7763568394002504646778106689453125e-15,1.63009806555625608937331537623741071193698993e-15,1.7797505999406269847749372019867407864943611e-15,1.7762061877708155667456708514204008218303892e-15,-0.0823363699229348394356909439669220750800389999,0.00191051733812804863176804964588557482362135146,-0.000084809327773220546758383182663296355789114801
50,1008.07568992879569478343019613978807931831595,53.9322871515939680203595330092936605521402936,0.874982192482931427719457690295552689566939524,0.0000000122820837628346473061754691305451851935947697,8.8817841970012523233890533447265625e-16,8.16212405068255963605052082857530892469970047e-16,8.89816573654703552977706780685008588164942799e-16,8.88106947325571353350262275159752943519215144e-16,-0.0810265291698565253848983257088583505102205061,0.00184439738485360731468701109310098339202648681,-0.0000804707398520334833846832768766265642806957241
51,1046.76425600311200937671865512212979643092286,54.9574672108443338187995798434035897708626469,0.900162251733297226159504524405481908289292868,0.000000346987806250720180140804880054013673693162268,4.44089209850062616169452667236328125e-16,4.08668452746957772971793572819652240731809675e-16,4.44880464292301837157583532690473632105313397e-16,4.440552683258988544799640432245397164000578e-16,-0.0797604542453619105952714584367295994075589327,0.00178174660561190264637429975284771226525717867,-0.0000764295177881519153172169855711489077474206674
52,1086.1640162755120012234597153277486286333778,55.9822014549753215130699756934020860721725882,0.924896495864284920429900374403978209599234122,0.000000667376302967522541240811333109693738099057383,2.220446049250313080847263336181640625e-16,2.04606125630591235349064387162934571506739425e-16,2.22427037341609302149342062793619986724108503e-16,2.220284711010372584923968956475118597861703e-16,-0.078535928852348421570852880842137316350524891,0.00172232248879505236642409230188018708722503743,-0.0000726602837276629114888583035085845391065837884
53,1126.27464288023326097630029569604371651186949,57.0065056280824984195683646604728174946941216,0.94920066897146182692828934147470963212076759,0.000000966566934722246666511680208182079335785760055,1.1102230246251565404236316680908203125e-16,1.02434628981044418026752109550196205716619505e-16,1.11207254912867039934025476815062199865834357e-16,1.11014626353441831823121086032126853006215004e-16,-0.0773508861822666972106521814140673611558152702,0.00166590357296752332733765764041594871128869385,-0.000069140243929042059500724093479049787934818944
54,1167.0958197863458437657276088781194284104977,58.0303946470812911565123280899918804693331418,0.97308968797025456387225277099377260675978776,0.0000012387603533101391452534416919955628139589805,5.5511151231257827021181583404541015625e-17,5.12810129703506639384095400511975036841234607e-17,5.56006511542166238044553572436048613243722691e-17,5.55074958839431073151455684723129160725471641e-17,-0.0762033963821887105852536194626415222161679443,0.00161228727874770117190844029402437453262521558,-0.000065848883217925645088243558225675246704962151
55,1208.62724216353302947628879010438082002769557,59.0538826590196923001583767688575936416703908,0.996577699908655707518301449859485779097036797,0.00000147925643462837862923027872967161001702696818,2.77555756156289135105907917022705078125e-17,2.56713634995999580890938975350296440119913985e-17,2.77989100627060053749608529583178929465899269e-17,2.77538334619715137518068313131055935780832385e-17,-0.0750916552728726128767464337686987450601152905,0.00156128799766957919940813352067044319466617445,-0.0000627677004983016032862877060504382076028930845
56,1250.8686157926732202891421106679687739320178,60.0769830934898352957645245960765718216538092,0.0196781343787987031244492770784639590804551708,0.00000168444162645629583363606630210062511832908099,1.387778780781445675529539585113525390625e-17,1.28506375794205123550241494702646958586251357e-17,1.38987812287559739840993439244875809986497819e-17,1.38769568061695047051849076888324639282175858e-17,-0.0740139741735758057782298675877862537230752886,0.00151273540367118334305092106367770365277433574,-0.0000598799791768051535348472206799332529064521755
57,1293.81965651731868684781980359434952766447126,61.099708710634581453004516625952849667457711,0.042403751523544860364441306954741804884356975,0.00000185175128861686020410461468818250116078947384,6.938893903907228377647697925567626953125e-18,6.43257134566486854377356895384131472689341465e-18,6.94906960417551119826522045163624828441782515e-18,6.93849720326710086897881805665761062892094649e-18,-0.0729687707081461761911638576328813624208262132,0.00146647295796711574752576223917601375465378229,-0.0000571705873617883287670824186477993651511000411
58,1337.48008973256844018321930887870557630739625,62.122071645187465897976195389795771100727903,0.0647666860764293053361200707976632381545489998,0.00000197961222371091812149911079772661306883437062,3.4694469519536141888238489627838134765625e-18,3.21980442140674817368197485234720275072417289e-18,3.47438174266279096679818310899554601766941715e-18,3.46925743062607071868663949809750590684496392e-18,-0.0719545604829883808518023850873139623968007523,0.00142235658233599507077505510303366649521512456,-0.0000546258035266261651194706876211200521977722308
59,1381.84964990818683559302259665179698853467974,63.1440834469341454601499996555070972725967755,0.086778487823108867509924336508989410023421492,0.00000206737013961454760795985155532865309715839645,1.73472347597680709441192448139190673828125e-18,1.61161023841864868691512819622848736752744331e-18,1.73711783409038893176637437511298462161365455e-18,1.73463286588097321424846678507396507935553381e-18,-0.0709699495412860872795946509953144510258335671,0.00138025347943919186523197754430851395044494441,-0.0000522331640106838574306367273986241536804834663
60,1426.92808014313283073611633291259722017935773,64.1657551179397727992268558409740374012686477,0.108450158828736206586780521975929538695293692,0.00000211520628501866004774707782998574187245487863,8.67361737988403547205962240695953369140625e-19,8.06634596348702471539710274269232389592083529e-19,8.68524038350094533206206043874948449141933773e-19,8.6731838609575650350609785479550165218455828e-19,-0.0700136275097172725327292984876648486095668258,0.00134004108180585402233991102851327606562158327,-0.0000499813292981841285581074929877419861569065027
61,1472.71513174894243961496042653391160350586576,65.1870971468485570646874154395122886782231391,0.129792187737520472047340120514180815649785088,0.00000212404698327788092872004535514073214273596059,4.336808689942017736029811203479766845703125e-19,4.03720303123899329808552396762219824337590645e-19,4.34245350664665756202706642983816997025654116e-19,4.33660113042345957057037332863846335116118893e-19,-0.0690843613641232824639801540787002176667677961,0.00130160611366864238286775180411821836284326217,-0.0000478599664863105798306008491533822510112461057
62,1519.21056385965340125199282937846617250385122,66.2081195405283779677502405078801236454339059,0.150814581417341375110165188882015782860551874,0.00000209546927797163635292229282947184197482812492,2.1684043449710088680149056017398834228515625e-19,2.02056039055392195072743192235842361116902378e-19,2.17114703765854306248555334450944502933309939e-19,2.16830490271591326342706668097538284034001698e-19,-0.0681809897494295794542755173111807843251286995,0.0012648437519944481216220473036786384905135942,-0.0000458596457465289347967747490266467356511768103
63,1566.41414306618032905435846618774438128073981,67.2288318533040347282744096848491593936828606,0.171526894192998135634334365851051531109506521,0.00000203160541065827274420329698671893822669520235,1.08420217248550443400745280086994171142578125e-19,1.01123274489671615808213736262002386037670875e-19,1.08553536914067150832663829004854161926613896e-19,1.08415449821980685166165256160651758620978036e-19,-0.0673024177967729192720710427928365538048176154,0.00122965687488963124316525125130568260214454255,-0.0000439717489112665850043666497653249048011759254
64,1614.32564307324399369325957177388808542046395,68.2492432139969723586325690028854198827779378,0.191938254885935765992493683887312020204583729,0.00000193504838765543134433024494914557402613605307,5.42101086242752217003726400434970855712890625e-20,5.06079763389284237507082659822253326187651034e-20,5.42749414957209606613867462255901220942563245e-20,5.42078215871469072563827019800948322093417682e-20,-0.0664476123874388886116134381596294908920954477,0.00119595538712325838889638562001910025491857384,-0.000042188388593088181041927955791817459972553288
65,1662.9448443771328281631840013099890660463535,69.269362350966657872964328507742688451726656,0.212057391855621280324253188744580589153301943,0.00000180876046505049740450411889408204128532993707,2.71050543121376108501863200217485427856445313e-20,2.5326539969530219498696408500128932340670273e-20,2.71365952607515907106245221215289733793410744e-20,2.71039564941076994985799654000264720469088713e-20,-0.0656155978190006710099284745354501021285200106,0.00116365561384822097307798827413238684738675109,-0.0000405023364745574410342773665135971415414631132
66,1712.27153396273074649642346686555024554431288,70.2891976153287715133244886609994509353333314,0.231892656217734920684413342001343072759977394,0.00000165598599344135576412597339140951594216173021,1.35525271560688054250931600108742713928222656e-20,1.26742495102258939315333945989212896098281794e-20,1.3567877829204117976532766196955529834978182e-20,1.35519998684422446129865961444762140197093123e-20,-0.0648054518340972160231667752664575008030211052,0.00113267975474511692080364735235057983983366873,-0.000038906959601604143553386702507253847181082702
67,1762.3055050183851215583197083560925482061083,71.3087570025076854197463735473273040727116748,0.251452043396648827106298228329196210138320739,0.00000148016971784009671987982148760455411977341168,6.77626357803440271254658000543713569641113281e-21,6.34247224254923621178666785894625487431428735e-21,6.78373749448403540448109698690431243289197937e-21,6.77601017177251614254706519088661195257920887e-21,-0.0640163019767003765632908593513969955609998769,0.00110295539179729753971817512932847998480813183,-0.0000373961636775758060758052250993670916606221113
68,1813.04655666731417118013379328084438163003218,72.3280481722650266292659335284915179133208171,0.27074321315399003662585820949341005074746303,0.00000128488132378749944871411701460206721806130954,3.38813178901720135627329000271856784820556641e-21,3.17384152595011157287120325851837033125983324e-21,3.39177204878492517828227491339819207701530615e-21,3.38800993708512532617443192039378540951180692e-21,-0.0632473222445839882525378575461904207722791874,0.00107441504475236356073596122198342807288968801,-0.0000359643424942970727487552573493744649088649984
69,1864.49449371436570965508045144003555727381499,73.3470784673322072216961245098436921610625699,0.289773508221170629056049190845584298489215869,0.00000107374675684770569078682979423674314231891948,1.6940658945086006781366450013592839241027832e-21,1.58819062161428693470017295320162489083122106e-21,1.6958395743326538350017596070867365339194294e-21,1.69400726910054719192855311284495620617615018e-21,-0.0624977300100980343397051110479624152533182606,0.0010469957690563446919653000573491790733669334,-0.0000346063327545424297321375886219813764661333335
70,1916.64912640704067711816553112717514802182865,74.3658549307624317865225156643640829769373881,0.308549971651395193882440345365975114364034083,0.000000850386617238978164674896530628520780646601592,8.47032947254300339068322500679641962051391602e-22,7.94714446851258545657007791012581906541311124e-22,8.47897461938098370314876410871983089115012649e-22,8.47004726341110618304700001359138409172885687e-22,-0.0617667831843316473785046417612219127836455247,0.0010206387916791180683124330626658430120375015,-0.0000333173736407778057879766676712025500059695281
71,1969.5102702097863252357670062468326244463889,75.3843843221066713185209770861549729688972571,0.327079362995634725880901767156865106323903089,0.000000618361741788148787634294511766354467553472436,4.23516473627150169534161250339820981025695801e-22,3.97659193035376399088668995864272510439418438e-22,4.23937994991240915860465115940700270341710272e-22,4.23502881683074208367894892029446979174359746e-22,-0.0610537776023741193921926822323511734131501358,0.00099528918079781644722706818514989887011748855,-0.000032093070570678821310181449403321893118118489
72,2023.07774559064652029760460178067130847836328,76.4026731325082590045205630555071157219329803,0.345368173397222411880487736509007859359626272,0.0000003811259287020040503755229023889738932000442,2.117582368135750847670806251699104905128479e-22,1.98976923709509932583731580379673573151243273e-22,2.1196383194247987363301276939612281701815492e-22,2.11751687266273888658680144356114426911627547e-22,-0.0603580446096998603805768719809268804170086245,0.000970895545781239129576011360006237563741976758,-0.0000309293626531378432816299775209536520060371808
73,2077.35137781943129535001207369662485874028911,77.4207275988019748929835135996704857368754576,0.363422639690938300343438280672377874302103541,0.000000141985633681262694771997562150867204181603697,1.0587911840678754238354031258495524525642395e-22,9.95603639170379343967083481343990923733272768e-23,1.05979429317405090596144240330663716354653099e-22,1.05875960827475415509727097987316525629720757e-22,-0.0596789488317512718563712471335252694253015514,0.000947409764332885007039672797122057685537297575,-0.0000298224934211810775252495768475266913818890065
74,2132.33099677663539533544624355586302692682074,78.4385537166956196199377137082184417513427907,0.38124875758458302729763838922033388876943663,-0.0000000959336345274326269853691237223517039203351961,5.29395592033937711917701562924776226282119751e-23,4.98152842067005429982388755030415762165754109e-23,5.29885170054495054791669409134712321215702886e-23,5.29380361860370912297965171317106383368813269e-23,-0.0590158861106070898186155269771315519355943027,0.000924786734011864851726304964874664195598301062,-0.0000287689844720567039198432118090504459374977769
75,2188.01643677239686540878320871029666714381118,79.4561572531050247194617461499437107379631005,0.398852293993988126821670830945602875389746434,-0.000000329714568071535302433050865994923774010074706,2.64697796016968855958850781462388113141059875e-23,2.49247840521677719272327002490643046569288047e-23,2.6493681393016517128453748252162866565927436e-23,2.64690446520749163373367468456440141978032086e-23,-0.0583682815942324420547332679981056356437301123,0.000902984145666980611299657868094474054228237143,-0.0000277656116910827425926796898155425141477354551
76,2244.40753637484239620998336691799961699369435,80.473543757707114868471689297614881244719612,0.416238798596078275831613978616773382146257931,-0.000000556669368979980179723673057969050546252111679,1.32348898008484427979425390731194056570529938e-23,1.24707656565413507670741595626628600499964363e-23,1.32465624743876954408904340503270936315112128e-23,1.32345349816085415064000951832572183268074815e-23,-0.0577355879652361508196537431178948803214150409,0.000881962276595937232983998754276712930289768508,-0.0000268093837757942883560722691882889857562154094
77,2301.50413824721674720030377582508635262005244,81.4907185737699438502192465843294494208594679,0.433413614658907257579171265331341558286113887,-0.000000774355557806605025173249624702562572160764878,6.61744490042422139897126953655970282852649689e-24,6.23947442203347888118413823512254596357041846e-24,6.62314704550213186124540840186434987418498118e-24,6.61727352499395911067708324697885819596097621e-24,-0.0571172837973327354413162974690870684839011857,0.000861683801484303642090365166775218141126034104,-0.0000258975228114558250162873929425317502075999944
78,2359.30608899323963911311399617084555051687852,82.5076868483134994349305942295051258231314007,0.450381889202462842290518910507017960558046623,-0.000000980586750640182336684656532549543229398780626,3.30872245021211069948563476827985141426324844e-24,3.12173704180432301781611338665454963804759553e-24,3.3115087704502224214614245375739580727951488e-24,3.30863964133741271907454519995831477837314037e-24,-0.0565128720288402240730533073347675606470042156,0.000842113619392010552874917123466260328973407902,-0.0000250274466789052741090949762262539285544775958
79,2417.81323901017549906106725317638384795838083,83.5244535416504499663439039460542584875807608,0.467148582539413373703828627056150625007406798,-0.00000117343888473804258090742924654492323438114207,1.65436122510605534974281738413992570713162422e-24,1.56184623760850462480383473254917979151855926e-24,1.65572312619524736015469383397572636568985852e-24,1.65432119493595052255183617631969086809420272e-24,-0.055921878543556840527237560002276323567745205,0.00082321869524275368895789599748500298275030594,-0.0000241967531016456190626519264480370070697931107
80,2477.02544234913976514899106680018984296193017,84.5410234363518320519219357785593700786898964,0.483718477240795459281860459561262216116542358,-0.00000135125237419576899237196073165846832837271451,8.27180612553027674871408692069962853565812111e-25,7.81401252105662651167941683106079699783792167e-25,8.27846466405577203269804313856216246421298669e-25,8.27161253875446344183719926670569441653477389e-25,-0.0553438508502642982030087875897735747407730248,0.000804967914436997060961629797734085609314590025,-0.0000234032051616655487491901594552142255418638149
81,2536.9425565822004745055161998035232014652482,85.5574011456789058566575008288431514050008841,0.500096186567869264017425509845043542427530087,-0.00000151263066976453130218877714508557827161883176,4.13590306276513837435704346034981426782906055e-25,3.90934508888392404287995591390965855236554102e-25,4.13915939138588942612733463763825330151567865e-25,4.13580940640605609634155253811735638521122909e-25,-0.0547783568529153569810379368502261426287259274,0.000787331949355208045850996140238631360476272065,-0.0000226447181331329937903567309340571245737818847
82,2597.56444267586589256683299040015618294757277,86.5735911215189893338955055397464651410143338,0.516286162407952741255430220748357278440979784,-0.00000165643568288166733104047199763626758908466156,2.06795153138256918717852173017490713391453028e-25,1.95581689329208900353804418974747219077107661e-25,2.06954443957459646095119249035764463466517317e-25,2.06790620323433909356547656558607660634295567e-25,-0.0542249837042894288705449099339361426039527878,0.000770283136646971625364659508420027178296664215,-0.0000219193475002717295739665337099614079522622099
83,2658.89096487057828025958459826066163160536858,87.589597661859987548096358043724454549713669,0.532292702748950955456282724726346687140314956,-0.0000017817805146883303571434144094407811760447139,1.03397576569128459358926086508745356695726514e-25,9.78468496484245252441504549935052256408523146e-26,1.0347551718302776195029377023857574306341141e-25,1.0339538192681704018187701030686824794322425e-25,-0.0536833367365519225001502639061910031052586541,0.000753795364315853951960163560700059668483627767,-0.0000212252780407469828720261906722819853236854909
84,2720.92199056586079656598994476748991826923732,88.6054249178355246877341728841597283780793754,0.548119958724488095094097565161620515506021354,-0.00000188801990757108672140908911216260183111968919,5.16987882845642296794630432543726783478632569e-26,4.89508406023977830804908692029653526670689167e-26,5.17369339236379715432628448834844386341731312e-26,5.16977253154010555789051640228167696646092516e-26,-0.0531530384627390714401265980696175756948883589,0.000737843967711155308020724130664005723749497214,-0.0000205608138690452162563571018827749457693409775
85,2783.65739021078922665964952878463508896238558,89.6210769003700348897689078949969892537259017,0.563771941258998297128832575998881391152547622,-0.0000019747388106996623035423841303504595170671122,2.58493941422821148397315216271863391739316285e-26,2.44888441712421304088078120140871852019618174e-26,2.58680678902363597926241406948573107555379029e-26,2.58488791094058566130349900734854471144768974e-26,-0.0526337276437175413039523794763103867448857931,0.000722405633627602703875668584465343805831941398,-0.0000199243693458866110807428786819801925975428585
86,2847.09703719948291610549668539539645201475009,90.6365574864508474057120382289411468815088104,0.579252527339810813071962909943039018935456371,-0.00000204173942309068775490408594972873283687868275,1.29246970711410574198657608135931695869658142e-26,1.22509964813033319829177551557480212514942919e-26,1.2933840755511455274398416875947049036630987e-26,1.29244474375865144082246362277320752364361163e-26,-0.0521250584156436056633936491140138958865460387,0.000707458311793964852805471120845274141878307418,-0.0000193144607698703094131721254802599921899148243
87,2911.24080777133016390518001696686855580650153,91.6518704250521886728047103839587199777128149,0.59456546594115208016463506496061211513946085,-0.00000208902704870623015076420700194406825263970979,6.46234853557052870993288040679658479348290712e-27,6.12871880983241885920522698488852652061053887e-27,6.46682682118121312971672940280518659669820015e-27,6.46222749772906868292816027197547245018539112e-27,-0.0516266994733757944052170831494640990521635846,0.000692981133102727977820538726125275363801668617,-0.0000187296987765054324541695008081106826640453709
88,2976.08858091568254690151226660342080689538385,92.6670193427340978281800160014118356355251941,0.60971438362306123553994068241372777295184006,-0.00000211679506865980011334634381573539601317145733,3.23117426778526435496644020339829239674145356e-27,3.06593740111051642728002649703844076176301985e-27,3.23336808755827478874437138772866278459116705e-27,3.23111556128639977152984747785657334702444785e-27,-0.0511383333056826480875994163576136003786002061,0.000678954333996395107089974891665906442737705479,-0.0000181687813776823879996731573745114096813143121
89,3041.64023828077036390065202157421217571643893,93.6820077489374947006622848910815260322478329,0.624702789826458108022209572083418169674478902,-0.00000212540930629504359565085230618141957889322013,1.61558713389263217748322010169914619837072678e-27,1.53374204629423439981823412432307688604252241e-27,1.61666207963373069492943833876419354625516249e-27,1.61555865030373105190717284345822874541420717e-27,-0.0506596554784379674090398651967652830431880017,0.000665359186482575450654961259959404770353255811,-0.0000176304875816240085932785965863285244031851388
90,3107.89566408660773357219238449113790387439627,94.6968390409950339110634278060637040695047232,0.639534081883997318423352487065596206931369183,-0.00000211539203216151114118047408190788934661981309,8.0779356694631608874161005084957309918536339e-28,7.67250105736929258559737117803796780089794845e-28,8.08320392085340664932333380393456037090530624e-28,8.07779742632539615398031828547330346407535755e-28,-0.0501903739623136238267309488951911279153281488,0.000652177933300609774501112904115960589595901619,-0.0000171136715395408346975066293297164867997024323
91,3174.85474504167097620892704463418028794806487,95.7115165088759107444949419912664416606651551,0.654211549764874151854866672268333798091801013,-0.00000208740582808361048019594497342055378947738798,4.03896783473158044370805025424786549592681695e-28,3.83810912217844433951376906818528763269576864e-28,4.04155032543192497707519222822497472868668315e-28,4.03890071816436652531515568523060156540270103e-28,-0.0497302085017680426005749340167015938020860548,0.000639393727807728171189058271482240587374156474,-0.0000166172571706996002089027342223103605173385521
92,3242.51737026314786440134327997233948535634089,96.7260433396814408189895697804894032157889326,0.668738380570404226349494461491295353215578566,-0.00000204223750286915074310492599431838740914965723,2.01948391736579022185402512712393274796340847e-28,1.91996599149993623760865707728778927660930807e-28,2.02075011475479140368978454653440330307949922e-28,2.01945132242437487977917013893143516200527111e-28,-0.0492788900223899372264017537278678806050797957,0.000626990578193267588702327145217854348546444263,-0.0000161402332224852946743024691588964055250746519
93,3310.88343120056823968361170257828352722623769,97.7404226219070045304336064364620033488216928,0.68311766279596793779353111746389548624833877,-0.00000198078222693031495609485289284525222305674868,1.00974195868289511092701256356196637398170424e-28,9.60430038755329504944905932054465556443247351e-29,1.01036290282815921983783437386663652422222874e-28,1.00972612426419476891721990835415893646996427e-28,-0.0488361600738944741674239929900211057125345609,0.000614953295665822288988377997366458128246163379,-0.0000156816487263700381421035247531736178035825645
94,3379.95282156263844988775140477329215200313923,98.7546573494848182893151356141659578923613161,0.697352390373781696675060295167850029787962045,-0.00000190402802933166139972888970328882961507365158,5.04870979341447555463506281780983186990852118e-29,4.80434330165053557327800743835389423051182201e-29,5.05175551567861221095048458594692645606590826e-29,5.04863284800349587936893850829130466387617462e-29,-0.0484017703062851865456864282955087236862182482,0.000603267446290830348391763515053458894472229805,-0.000015240608814561428750539027684588900820521515
95,3449.7254372471131455206671147922000313263252,99.7687504256209582453049110616084037998967935,0.711445466509921652664835742610295937323439492,-0.00000181304077862687611875981112017234455333123104,2.52435489670723777731753140890491593495426059e-29,2.40324775385698118833420352309948692435635587e-29,2.52584911110626250837982754292532793184188543e-29,2.52431749518132739675596722655052064495728818e-29,-0.0479754819768917768463621201517510185743415222,0.000591919306185426063736094407720055581509047126,-0.0000148162708655454978027382165975245328360689328
96,3520.20117627354825562774014347428473220501671,100.782704666439110045874512344549764230927484,0.725399707328073453234437025551656368354130307,-0.00000170894974834744412815157250487472108980815761,1.2621774483536188886587657044524579674771303e-29,1.20215199278709464167550845695134195345145697e-29,1.2629106419572181010697565993261036956220194e-29,1.2621592631016925675227148459887443051572166e-29,-0.0475570654861733596258681377963439562219689002,0.000580895819803775068531696116759411474212472536,-0.0000144078409498140956692271274866268672532111789
97,3591.37993871878851023482591354234482892086787,101.796522804442642572880060810746932833743165,0.739217845331605980239985491748824971169811283,-0.00000159293384917726653859436636963821043274129284,6.31088724176809444329382852226228983738565148e-30,6.01335225897802835718996538642146299458437951e-30,6.31448561224000346759854608226128900779598915e-30,6.31079879739361274875393830992379897635803213e-30,-0.0471462999403403973919653047139654474638414081,0.000570184561069876468057125481794373762616730113,-0.0000140145705498162973952823799527487275693065582
98,3663.26162665505174740576377250796383482708341,102.81020749180579768379701863499222875317993,0.752902532694761091156943315994120890606576067,-0.00000146620859267504041449396859659259048413835537,3.15544362088404722164691426113114491869282574e-30,3.00794880573361875958767342712842009661194919e-30,3.15720995522581447146557665593672073080627483e-30,3.15540059403255303012471310019958162751124861e-30,-0.0467429727389980958930307597546861772823764119,0.000559773697136247180660472152394309655068212813,-0.0000136357535306356930495054591846040573348029531
99,3735.84614409048049259927220717234172571039995,103.823761303504045566751175290761285663376816,0.766456344393008974111099971763177800803462304,-0.00000133001383585636597728892293192991718921923423,1.57772181044202361082345713056557245934641287e-30,1.50459932830411217436107028685050973592871129e-30,1.57858900831889486833504186204479342476772808e-30,1.57770087293236958836056284001098316518725815e-30,-0.0463468791861507077563477288326577572651644739,0.000549651954566247879866215315798146777622988931,-0.0000132707233401029613992970751020520280571775815
100,3809.13339691203897583703373712984281921795391,104.837186740292970819698820115185686992587816,0.779881781181934227058744796187579130014461825,-0.00000118560234196814159503542831139837840822849616,7.88860905221011805411728565282786229673206435e-31,7.52606576059051121430023923097665564259315262e-31,7.89286739112194518401042687515436287661580513e-31,7.88850714044975830921502860888457947667227652e-31,-0.0459578221230312620721170390829507316117498892,0.000539808587755288644653483462506455442467854189,-0.0000129188504190346101265463130519957573516949008
101,3883.12329283064090326733148725402158123858621,105.850486231544422743150241207140368419831627,0.793181272433386150510165888142260557258273086,-0.00000103422918031368227220364407646864247367902044,3.94430452610505902705864282641393114836603218e-31,3.76454043506479015465966652225001141496994016e-31,3.94639592790507591541439587445941994249922607e-31,3.9442549085692735174392230153752346311649324e-31,-0.0455756115813357822333210366433887549034739907,0.000530233349421961583082069400761522962560384489,-0.0000125795398040693841718726458155411405517688477
102,3957.81574132839996510864653359550137768579705,106.863662137948080034891764512791321277928168,0.806357178837043442251689193793213415354814114,-0.000000877141976943204967552133440234387198294060385,1.97215226305252951352932141320696557418301609e-31,1.88301085364640416438511173324365559010547894e-31,1.97317958963392480223049649140672981598843543e-31,1.97212809979156278928899367460153157020458078e-31,-0.0452000644555460532140797861124613978666737754,0.000520916463014461076012523790166530056489535977,-0.000012252228907175731949858465319306777565657508
103,4033.21065360790127917618633712903068346181976,107.876716754086040969080756440992580716140131,0.819411794975004376440681121994472853566776834,-0.000000715572018329083101814279336769137639877225355,9.86076131526264756764660706603482787091508044e-32,9.41869348339073920265882894806650041718072759e-32,9.8658085321061380997212117768987176249631509e-32,9.86064361341468570296524309185365541637995214e-32,-0.0448310041931213310968677430289493271237776051,0.000511848596890624188648466412670733578151728119,-0.000011936385457346365021219441710389054809601113
104,4109.30794254339777247793135027993207430070339,108.88965231088755149359836057886971048506067,0.83234735177651490095828525987160262248731558,-0.000000550726201712438828140072014138230871026579674,4.93038065763132378382330353301741393545754022e-32,4.71113520617657295965465955540375273891249734e-32,4.93286074185194383708490402801525668096487894e-32,4.93032330988113732480478429196313140752193385e-32,-0.0444682605014278421238829307382868893724812917,0.000503020840141691364229337092924792245111549647,-0.0000116315055912965327045704040723663513682333568
105,4186.10752263384092402821423437397135137081739,109.902470977970522099520990785990927363652028,0.84516601885948550688091546699281950107867414,-0.000000383779818548760291252024896919881854748624456,2.46519032881566189191165176650870696772877011e-32,2.35644666883550281120059292347846006573424319e-32,2.46640917975497917091268693160966886109562827e-32,2.46516238067660272612346778696145004738096423e-32,-0.0441116690703562071016495591534261712747603014,0.000494424679940572779655585524839673523020500051,-0.000011337112081156330861220680038357694341955685
106,4263.60930995766035872326061391522590677325878,110.915174865876056728680378857459763705311071,0.857869906765020136040303538461655842737717297,-0.000000215870151306224076475215653080561542910350233,1.23259516440783094595582588325435348386438505e-32,1.17865547952224800649698990321810105722018181e-32,1.23319426972840588395486577320907349024029692e-32,1.23258154083831406562677045943918399638476167e-32,-0.043761071309651690593993259252923671108739882,0.000486051980305117406844175701283321165590877196,-0.0000110527526882075893583307264579772169958202433
107,4341.81322212921152110550209634992884953712619,111.927766028201820594511367766076874544203156,0.870461069090784001871292447078766681629801947,-0.0000000480908586929375700085954122578433865602434632,6.16297582203915472977912941627176741932192527e-33,5.89540212795848282789959871561615917209859704e-33,6.1659210771365179888376782060282813658906003e-33,6.16290939749417158567525224024320613716746206e-33,-0.0434163141000509912162588064988371488154471937,0.0004778949621757168091713458439640967976688652,-0.0000107779986326745148560074671673172606375672734
108,4420.71917825681509318038407948079042355154362,112.940246463639706055998266792790160728118334,0.882941504528669463358191473792052865544979591,0.00000011851287987810224734331217767702024986150229,3.08148791101957736488956470813588370966096264e-33,2.94874588726852919158317156753635709876187363e-33,3.08293604450660524131294755731598635073557492e-33,3.081455517053032358803394644617718988559572e-33,-0.0430772495573826816396585305390027045613594846,0.000469946184714620519387860184088673642707392122,-0.000010512443170444837819853743730000643855178236
109,4500.32709890231597422799146256492701598650871,113.952618117922914291034470299543809333598401,0.89531315881187769839439498054570147102504656,0.000000282948493218707614065024875469977898876805585,1.54074395550978868244478235406794185483048132e-33,1.47488680446714455076004602605614432165304754e-33,1.54145608509765218663019145799084225853731118e-33,1.54072815410159064956051112889306213147553825e-33,-0.0427437348088468466090883433965246277991683505,0.00046219852774167178668162217587653405897507578,-0.0000102557002683840770570195457681038436976045043
110,4580.63690604209353305861017901273209946430985,114.964882885687253356312584093147733895653671,0.907577926576216763672508774149626033080316499,0.000000444279456017604969710575065026228249035965479,7.70371977754894341222391177033970927415240659e-34,7.37696163612239711537835152435640195902140393e-34,7.70722223657711348743643238130271746546687405e-34,7.70364268331767527233566030205101752943336203e-34,-0.0424156317807433814196232515803123088753500227,0.000454645175227860671791396968191244749074723806,-0.0000100074033706180055538772701089573561223112859
111,4661.64852302945849304487898813498206094614698,115.977042612251158374280736433981839367158332,0.919737653140121781640661114983731504584978079,0.000000601628072568895364203846519123361318110611108,3.8518598887744717061119558851698546370762033e-34,3.68972429389692451458888979749293281755348491e-34,3.85358274712390903783818641559772882373003596e-34,3.85182226687220026700601597027948590297982369e-34,-0.0420928069969681886500340067195016105548178495,0.000447279599774197791766701630812812643976047503,-0.00000976720424880487828413945461392767694288077627
112,4743.3618745583752346806452887826287468036215,116.989099095318665300075110788016975271670413,0.931794136207628707435035469018867409097058531,0.000000754177645360303094125650288640860320380965243,1.92592994438723585305597794258492731853810165e-34,1.84547396791706406571562206351215215259187598e-34,1.92677753758153788095026542356664897919107614e-34,1.92591158108446295150532775999192600307461866e-34,-0.041775131387642498122422139746840596074396971,0.000440095548008991919660438542266890362939921947,-0.0000095347719300060610658289358492163567676773908
113,4825.77688662845151516604838474443451188024943,118.001054086609314391004959328526083473963476,0.943749127498277798364884009527975611390122031,0.000000901174068205488022185580508810870849784096435,9.62964972193617926527988971292463659269050824e-35,9.23038056190029665776036355519737195984146631e-35,9.63382019830377978029673545450617590101516982e-35,9.62956007190315973258178182962908769898703934e-35,-0.0414624801072830521657567431210407697861828972,0.000433087026841717862133524459733114447022772307,-0.00000930979169629726391142684689076015936531893145
114,4908.89348651114062415794942741953974781741294,119.012909293418721664082580646181612479468455,0.955604334307685071442505327183504616895101201,0.00000104192688404048049041467868751547185195614551,4.81482486096808963263994485646231829634525412e-35,4.61667203244523550889526291592431269896976452e-35,4.81687717183421281778544906788532551659175386e-35,4.81478108475306158108017187343242031901582964e-35,-0.0411547323619602342110937358805267705162871161,0.00042624829051633221701959287382079265801838351,-0.00000909196415074788899763011479924813739182658224
115,4992.71160271710383278091769592259349745667455,120.024666380113334943933715064537367805045024,0.967361421002298351293639745539259942471670034,0.00000117580984753407739107451464814756184279926891,2.40741243048404481631997242823115914817262706e-35,2.30906536858171536252184506239580962705341199e-35,2.40842251773406765598709048756785263149573965e-35,2.40739105024378987110314387848789465756585334e-35,-0.0408517712449276361381630138151085792380520025,0.000419573828411173872028277701783146928929813366,-0.00000888100434483775291951777289666978794997234591
116,5077.23116496468366165851723133919510458139579,121.036326969562684347993895430465525829686118,0.979022010451647755353820111467417967112764127,0.00000130226103234037812011335109029614727300426662,1.20370621524202240815998621411557957408631353e-35,1.15489173500677185908020320207359679888125076e-35,1.2042034161494319412845801956032213019955928e-35,1.20369577111536808292624949423875668563067643e-35,-0.0405534835802402975251039936759981765434229968,0.000413058353536509527086288653739519262123393676,-0.00000867664096278284331710258035289848286082028645
117,5162.45210414944100454354420037327725898154616,122.047892644512244104688609622085897778342193,0.990587685401207512048534303087789915768838852,0.00000142078252219870158350845078633528944977522732,6.01853107621011204079993107057789787043156765e-36,5.77622646089008015589170314453664841494985258e-36,6.02097879348945945971481132859752509278001411e-36,6.01848004739888931642842818009219678345095099e-36,-0.0402597597739101255443973216512651781497652499,0.000406696791684384587199009012459836072449776138,-0.00000847861555860859233431881789346080281433167724
118,5248.37435231471150767910648976640825572369937,123.059364948899842423110825696608022222863161,0.00205998978880583047075037760991436028980664464,0.00000153093972420779977770592038172281789304921224,3.00926553810505602039996553528894893521578383e-36,2.88898370895633052523679817293831071875896887e-36,3.01047070162089743254815703915319671895009776e-36,3.00924060127896321621119360170825931539179917e-36,-0.0399704936721760159154644017598647167140824307,0.000400484271188745745184429670481928107429404105,-0.00000828668184214377659725065449301711912696755058
119,5334.99784262313883109662750365792887053558859,124.07074538911838778419566283209318316775685,0.0134404300073511915555875130950753051834957614,0.00000163236034150934951696385991152292057530444041,1.50463276905252801019998276764447446760789191e-36,1.44492054127469131763496582264710415109542952e-36,1.50522622046117658463764817268591461104510311e-36,1.50462058061678019076765460617230877512715549e-36,-0.0396855824264931238424502619044114658067338049,0.000394416113256839844915814271731661167561771687,-0.00000810060501041362316996595589505406021639936458
120,5422.32250932914451571119181253983748731920438,125.082035435227522635411980331967474300987839,0.0247304761164860427719050129693664384144847899,0.00000172473304134801754366270490851743725592672008,7.52316384526264005099991383822237233803945956e-37,7.22671412790920787802186792862909516122584938e-37,7.52608650280572229683814481484451682609021168e-37,7.52310426059284446150616759151228742814583239e-37,-0.0394049263648707442324657237234685412685122781,0.000388487822835688005227615248439776754374222258,-0.00000792016112118974357196787877051116211347644842
