theta,x,rate,center_series,lambert_rate,lambert_theta
0.0,0.0,0.0,0.0,,
0.012578616352201259,0.002096425002090792,1.3185028137258826e-05,1.3185028137118044e-05,,
0.025157232704402517,0.00419278366723522,5.273886091517957e-05,5.273886091502677e-05,,
0.03773584905660378,0.006289009671788758,0.00011865774385180133,0.00011865774385152742,,
0.050314465408805034,0.008385036718769417,0.000210935420873321,0.00021093542087308322,,
0.06289308176100629,0.010480798551149067,0.00032956313640898757,0.0003295631364087556,,
0.07547169811320756,0.012576228965137774,0.00047452963831935544,0.0004745296383194704,,
0.08805031446540881,0.014671261823441435,0.0006458211816607874,0.0006458211816605536,,
0.10062893081761007,0.016765831068505165,0.0008434215332766148,0.0008434215332768152,,
0.11320754716981132,0.018859870735678755,0.001067311977222063,0.0010673119772221717,,
0.12578616352201258,0.02095331496637021,0.0013174713210062524,0.0013174713210057953,,
0.13836477987421383,0.02304609802113933,0.001593875902657349,0.0015938759026577023,,
0.15094339622641512,0.02513815429271354,0.0018964995986061233,0.0018964995986065322,,
0.16352201257861637,0.02722941831896765,0.0022253138323703302,0.0022253138323702587,,
0.17610062893081763,0.02931982479580085,0.0025802875840460772,0.002580287584045782,,
0.18867924528301888,0.03140930858996669,0.0029613874005999033,0.0029613874005998005,,
0.20125786163522014,0.03349780475179446,0.003368577406944955,0.0033685774069454754,,
0.2138364779874214,0.03558524852782862,0.0038018193178019598,0.003801819317802089,,
0.22641509433962265,0.037671575373382254,0.004261072450330395,0.004261072450330752,,
0.2389937106918239,0.03975672096496719,0.004746293737531224,0.004746293737530936,,
0.25157232704402516,0.04184062121263645,0.005257437742397034,0.0052574377423972125,,
0.2641509433962264,0.043923212272200245,0.0057944566728195465,0.005794456672819694,,
0.27672955974842767,0.04600443055733058,0.006357300397222157,0.006357300397222612,,
0.2893081761006289,0.04808421275153291,0.00694591646092673,0.006945916460926567,,
0.30188679245283023,0.05016249581999362,0.0075602501032264865,0.007560250103226998,,
0.3144654088050315,0.052239217021291674,0.008200244275175723,0.008200244275175917,,
0.32704402515723274,0.05431431391896433,0.008865839658052876,0.008865839658053409,,
0.339622641509434,0.05638772439293348,0.009556974682520352,0.00955697468252005,,
0.35220125786163525,0.05845938665077599,0.010273585548434026,0.010273585548434052,,
0.3647798742138365,0.06052923923884173,0.011015606245322258,0.011015606245322558,,
0.37735849056603776,0.06259722105320896,0.011782968573492121,0.01178296857349187,,
0.389937106918239,0.06466327135047766,0.012575602165764907,0.012575602165764518,,
0.4025157232704403,0.06672732975838921,0.013393434509826115,0.013393434509826335,,
0.41509433962264153,0.06878933628627901,0.014236390971173242,0.014236390971173107,,
0.4276729559748428,0.07084923133534425,0.0151043948166371,0.015104394816636814,,
0.44025157232704404,0.07290695570873502,0.01599736723848053,0.015997367238480845,,
0.4528301886792453,0.07496245062146155,0.016915227379047403,0.016915227379047888,,
0.46540880503144655,0.07701565771010417,0.017857892355939844,0.017857892355940264,,
0.4779874213836478,0.0790665190423417,0.018825277287724543,0.01882527728772532,,
0.49056603773584906,0.08111497712627624,0.019817295320141568,0.019817295320141502,,
0.5031446540880503,0.08316097491956068,0.02083385765279318,0.02083385765279283,,
0.5157232704402516,0.08520445583832696,0.021874873566315983,0.02187487356631602,,
0.5283018867924528,0.0872453637659069,0.02294025045000097,0.022940250450000674,,
0.5408805031446541,0.08928364306134495,0.024029893829846712,0.024029893829846907,,
0.5534591194968553,0.0913192385677045,0.02514370739704517,0.025143707397045276,,
0.5660377358490566,0.09335209562015609,0.02628159303685745,0.02628159303685705,,
0.5786163522012578,0.09538216005385809,0.02744345085788419,0.027443450857884483,,
0.5911949685534591,0.09740937821161412,0.028629179221705735,0.028629179221706023,,
0.6037735849056605,0.09943369695131432,0.029838674772864157,0.029838674772864022,,
0.6163522012578617,0.10145506365316055,0.03107183246918896,0.03107183246918866,,
0.628930817610063,0.10347342622666178,0.03232854561243292,0.032328545612433174,,
0.6415094339622642,0.10548873311741312,0.033608705879212,0.03360870587921152,,
0.6540880503144655,0.1075009333136482,0.03491220335221621,0.034912203352215815,,
0.6666666666666667,0.1095099763525645,0.03623892655169631,0.03623892655169556,,
0.679245283018868,0.11151581232642563,0.03758876246718542,0.03758876246718498,,
0.6918238993710693,0.11351839188843395,0.038961596589457345,0.038961596589456415,,
0.7044025157232705,0.11551766625837648,0.04035731294268593,0.04035731294268494,,
0.7169811320754718,0.11751358722804355,0.04177579411680787,0.04177579411680649,,
0.729559748427673,0.11950610716641774,0.04321692130005216,0.0432169213000507,,
0.7421383647798743,0.12149517902463688,0.04468057431163597,0.04468057431163379,,
0.7547169811320755,0.12348075634072445,0.04616663163459216,0.046166631634589485,,
0.7672955974842768,0.12546279324409768,0.04767497044873137,0.04767497044872842,,
0.779874213836478,0.1274412444598414,0.049205466663703276,0.04920546666369955,,
0.7924528301886793,0.12941606531276137,0.05075799495215256,0.05075799495214742,,
0.8050314465408805,0.13138721173120446,0.05233242878294378,0.052332428782937694,,
0.8176100628930818,0.13335464025065813,0.053928640454452614,0.05392864045444424,,
0.8301886792452831,0.13531830801712158,0.05554650112788467,0.05554650112787424,,
0.8427672955974843,0.13727817279025448,0.05718588086063276,0.05718588086061945,,
0.8553459119496856,0.13923419294630293,0.05884664863963327,0.05884664863961622,,
0.8679245283018868,0.1411863274808029,0.060528672414719,0.060528672414697844,,
0.8805031446540881,0.14313453601106496,0.06223181913195208,0.062231819131925825,,
0.8930817610062893,0.145078778778439,0.06395595476691476,0.06395595476688211,,
0.9056603773584906,0.1470190166503644,0.06570094435795104,0.06570094435791105,,
0.9182389937106918,0.1489552111222012,0.06746665203933981,0.06746665203929039,,
0.9308176100628931,0.15088732431885332,0.06925294107438608,0.0692529410743253,,
0.9433962264150944,0.15281531899617568,0.07105967388841651,0.07105967388834178,,
0.9559748427672956,0.15473915854217565,0.07288671210166467,0.07288671210157373,,
0.9685534591194969,0.15665880697800466,0.07473391656203372,0.07473391656192283,,
0.9811320754716981,0.15857422895874884,0.07660114737772064,0.07660114737758593,,
0.9937106918238994,0.1604853897740147,0.07848826394969252,0.07848826394952874,,
1.0062893081761006,0.1623922553483145,0.08039512500399457,0.08039512500379685,,
1.0188679245283019,0.16429479224125826,0.08232158862389313,0.0823215886236547,,
1.0314465408805031,0.166192967647547,0.08426751228181996,0.08426751228153309,,
1.0440251572327044,0.1680867493967769,0.08623275287112424,0.08623275287078007,,
1.0566037735849056,0.16997610595305362,0.08821716673761189,0.08821716673719987,,
1.069182389937107,0.17186100641442006,0.09022060971086161,0.09022060971036969,,
1.0817610062893082,0.17374142051210237,0.09224293713531055,0.0922429371347245,,
1.0943396226415094,0.17561731860957508,0.09428400390109479,0.09428400390039826,,
1.1069182389937107,0.17748867170144778,0.09634366447463527,0.09634366447380925,,
1.119496855345912,0.17935545141218065,0.0984217729289629,0.09842177292798542,,
1.1320754716981132,0.18121762999462787,0.10051818297376905,0.10051818297261488,,
1.1446540880503144,0.18307518032841225,0.1026327479851727,0.10263274798381264,,
1.1572327044025157,0.1849280759181381,0.1047653210351986,0.10476532103359927,,
1.169811320754717,0.18677629089144113,0.10691575492095393,0.10691575491907701,,
1.1823899371069182,0.18861979999688258,0.10908390219349887,0.10908390219130047,,
1.1949685534591195,0.1904585786016871,0.11126961518639894,0.11126961518382898,,
1.207547169811321,0.19229260268933226,0.11347274604395713,0.11347274604095846,,
1.2201257861635222,0.19412184885698808,0.11569314674911202,0.11569314674561952,,
1.2327044025157234,0.19594629431281618,0.11793066915100296,0.11793066914694271,,
1.2452830188679247,0.19776591687312453,0.12018516499218646,0.12018516498747443,,
1.257861635220126,0.1995806949593892,0.12245648593550684,0.12245648593004799,,
1.2704402515723272,0.20139060759514046,0.12474448359060869,0.12474448358429541,,
1.2830188679245285,0.20319563440271982,0.12704900954008833,0.12704900953279893,,
1.2955974842767297,0.20499575559991154,0.1293699153652792,0.1293699153568767,,
1.308176100628931,0.2067909519964505,0.1317070526716652,0.13170705266199526,,
1.3207547169811322,0.2085812049904118,0.13406027311391822,0.13406027310280705,,
1.3333333333333335,0.21036649656448456,0.1364294284205554,0.136429428407808,,
1.3459119496855347,0.2121468092821335,0.13881437041821126,0.138814370403609,,
1.358490566037736,0.2139221262836532,0.14121495105552384,0.14121495103882176,,
1.3710691823899372,0.2156924312821165,0.14363102242662773,0.14363102240755193,,
1.3836477987421385,0.21745770855922192,0.14606243679425365,0.14606243677249822,,
1.3962264150943398,0.21921794296104352,0.14850904661243075,0.1485090465876543,,
1.408805031446541,0.22097311989368665,0.15097070454879002,0.15097070452061231,,
1.4213836477987423,0.2227232253188521,0.1534472635064647,0.15344726347446266,,
1.4339622641509435,0.22446824574931457,0.15593857664558947,0.155938576609293,,
1.4465408805031448,0.22620816824431508,0.1584444974043912,0.1584444973632783,,
1.459119496855346,0.22794298040487504,0.1609648795198762,0.16096487947336827,,
1.4716981132075473,0.2296726703690332,0.1634995770481096,0.1634995769955659,,
1.4842767295597485,0.23139722680700606,0.16604844438408245,0.16604844432479424,,
1.4968553459119498,0.23311663891628281,0.16861133628117622,0.16861133621436047,,
1.509433962264151,0.2348308964166483,0.17118810787021121,0.17118810779500374,,
1.5220125786163523,0.2365399895451465,0.17377861467809136,0.17377861459353955,,
1.5345911949685536,0.23824390905098064,0.17638271264603594,0.17638271255109073,,
1.5471698113207548,0.2399426461903577,0.17900025814740417,0.17900025804091138,,
1.559748427672956,0.2416361927212774,0.18163110800510995,0.18163110788580128,,
1.5723270440251573,0.24332454089827193,0.18427511950863112,0.18427511937511443,,
1.5849056603773586,0.2450076834670959,0.1869321504306101,0.18693215028135846,,
1.5974842767295598,0.24668561365937353,0.18960205904305177,0.18960205887639242,,
1.610062893081761,0.24835832518720158,0.1922847041331141,0.19228470394721606,,
1.6226415094339623,0.2500258122377161,0.1949799450185007,0.19497994481136197,,
1.6352201257861636,0.2516880694676203,0.19768764156244867,0.19768764133188219,,
1.6477987421383649,0.253345091997682,0.20040765418832168,0.2004076539319406,,
1.6603773584905661,0.2549968754071988,0.20313984389380446,0.2031398436090058,,
1.6729559748427674,0.25664341572843635,0.20588407226470357,0.2058840719486521,,
1.6855345911949686,0.25828470944104276,0.20864020148835877,0.2086402011379683,,
1.6981132075471699,0.2599207534664389,0.2114080943666622,0.2114080939785766,,
1.7106918238993711,0.261551545162191,0.2141876143286946,0.21418761389926738,,
1.7232704402515724,0.2631770823163655,0.21697862544297697,0.21697862496824952,,
1.7358490566037736,0.2647973631418693,0.21978099242934201,0.21978099190502065,,
1.748427672955975,0.26641238627077823,0.22259458067042964,0.22259458009186064,,
1.7610062893081762,0.2680221507486561,0.225419256222808,0.22541925558495218,,
1.7735849056603774,0.2696266560288665,0.22825488582772574,0.22825488512513056,,
1.7861635220125787,0.27122590196687935,0.23110133692149665,0.231101336148267,,
1.79874213836478,0.2728198888145759,0.2339584776455229,0.23395847679529036,,
1.8113207547169812,0.2744086172145514,0.23682617685595664,0.23682617592184674,,
1.8238993710691824,0.2759920881944215,0.2397043041330102,0.23970430310760787,,
1.8364779874213837,0.27757030316113135,0.2425927297899122,0.24259272866522524,,
1.849056603773585,0.27914326389527083,0.2454913248815181,0.2454913236489387,,
1.8616352201257862,0.28071097254539756,0.24839996121257663,0.24839995986284072,,
1.8742138364779874,0.2822734316223701,0.25131851134565925,0.25131850986880383,,
1.8867924528301887,0.2838306439936924,0.25424684860875346,0.25424684699407146,,
1.89937106918239,0.2853826128778719,0.25718484710252737,0.25718484533851976,,
1.9119496855345912,0.28692934183879315,0.260132381707267,0.26013237978159354,,
1.9245283018867925,0.2884708347801082,0.26308932808949453,0.2630893259889209,,
1.9371069182389937,0.29000709593964624,0.2660555627082689,0.26605556041861134,,
1.949685534591195,0.29153812988384287,0.2690309628211737,0.26903096032724144,,
1.9622641509433962,0.29306394150219156,0.2720154064899982,0.27201540377553246,,
1.9748427672955975,0.29458453600171924,0.2750087725861168,0.27500876963372667,,
1.9874213836477987,0.29609991890148607,0.27801094079556815,0.27801093758666484,,
2.0,0.29761009602711136,0.2810217916238426,0.2810217881385682,,
2.01,0.2988069765197247,0.2834215342742587,0.28342153055421127,,
2.047782710450972,0.30329950777933823,0.2925362448336704,0.29253624009294327,,
2.0862756364288213,0.3078284861795359,0.30189762024466227,0.30189761421243744,,
2.1254921281164374,0.3123930045284134,0.31150980269042033,0.3115097950267884,,
2.1654457866450167,0.31699211628497687,0.32137688259185776,0.3213768728709919,,
2.206150468811229,0.3216248364437582,0.3315028932832859,0.33150288097274094,,
2.247620291883056,0.326290142545651,0.3418918057941612,0.34189179022946664,,
2.2898696384959654,0.3309869758140437,0.35254752376343773,0.3525475041169853,,
2.3329131616411227,0.3357142424145204,0.3634738785130064,0.3634738537560465,,
2.376765789747366,0.3404708148355676,0.37467462430642406,0.37467459316275303,,
2.4214427318587095,0.34525553338689213,0.3861534338186117,0.38615339470827603,,
2.4669594829091723,0.35006720781110906,0.39791389384141734,0.39791384481244835,,
2.513331829096753,0.3549046190037301,0.4099595012489142,0.4099594398947601,,
2.560575853358433,0.3597665208355598,0.42229365924501067,0.42229358260492006,,
2.608707940948081,0.3646516420708199,0.434919673914427,0.4349195783535689,,
2.657744785119222,0.36955868837356043,0.4478407510962986,0.4478406321618732,,
2.707703392914616,0.3744863443942105,0.46105999359768834,0.4610598458466642,,
2.7586010910646697,0.37943327592746035,0.4745803987620556,0.4745802155554795,,
2.8104555319967264,0.3843981321320756,0.4884048564053378,0.48840462966337733,,
2.8632846999573065,0.3893795478027224,0.5025361471297188,0.5025358670407114,,
2.917106917249439,0.39437614568344065,0.5169769410224471,0.5169765956982416,,
2.9719408505872322,0.3993865388120485,0.5317297967442437,0.5317293718130096,,
3.027805517569896,0.40440933288449304,0.5467971610089208,0.5467966391353705,,
3.0847202932774582,0.409443128628002,0.5621813684528978,0.5621807287745048,,
3.1427049169904633,0.41448652417181986,0.5778846418903328,0.5778838593566237,,
3.201779499035985,0.41953811740434577,0.5939090929466524,0.5939081375470026,,
3.2619645277623217,0.42459650830562995,0.6102567230604024,0.610255558923964,,
3.323280876644802,0.4296603012444227,0.6269294248405775,0.6269280091900056,,
3.3857498115251627,0.4347281072293045,0.6439289837639519,0.6439272657024786,,
3.4493929979869984,0.4397985461038582,0.6612570801944813,0.6612549993035973,,
3.5142325088698616,0.44487024867636865,0.6789152917046046,0.6789127764271622,,
3.5802908319246005,0.4499418587751298,0.6969050956762249,0.6969020614571585,,
3.647590877612599,0.45501203522113126,0.7152278721574252,0.7152242193115149,,
3.716155987051626,0.4600794537106279,0.7338849069494511,0.7338805182226251,,
3.7860099401110388,0.46514280860090895,0.7528773948973337,0.7528721326849219,,
3.8571769636591577,0.4702008145934235,0.7722064433566238,0.7722001465387691,,
3.929681739965673,0.4752522083093073,0.7918730758081587,0.7918655561592476,,
4.00354941526199,0.4802957497532589,0.8118782355925218,0.8118692737180455,,
4.078805608462489,0.4853302236626331,0.832222789735924,0.832212130486648,,
4.155476420049723,0.49035444073954093,0.8529075328396121,0.8528948801493128,,
4.23358844112663,0.4953672387646513,0.8739331910055659,0.8739182020949443,,
4.313168762638903,0.5003674835922793,0.895300425772189,0.8952827046578875,,
4.394244984770727,0.5053540700272033,0.9170098380349005,0.916988928278878,,
4.47684522651711,0.510325922584466,0.939061971927944,0.9390373485588415,,
4.560998135436172,0.5152819961341842,0.9614573186453819,0.961428379179928,,
4.646732897584735,0.5202212764341028,0.9841963201810098,0.9841623746700823,,
4.734079247640681,0.5251427805532716,1.007279372968901,1.007239632989515,,
4.823067479215589,0.5300455571908121,1.0307068314082906,1.030660397919669,,
4.913728455361212,0.5349286868942419,1.0544790112586662,1.054424861237586,,
5.006093619273459,0.5397912821822662,1.0785961928930548,1.0785331646610095,,
5.100195005197574,0.5446324875773035,1.103058624399659,1.1029854015519678,,
5.196065249538308,0.5494514795532983,1.127866524524146,1.1277816183690657,,
5.293737602178939,0.5542474664045866,1.153020085446941,1.152921815861126,,
5.3932459380130435,0.5590196880417172,1.178519475391883,1.1784059499972117,,
5.4946247686930585,0.5637674157202105,1.2043648410645016,1.204233932630379,,
5.59790925459966,0.568489951708234,1.2305563099199153,1.2304056318947048,,
5.703135217036157,0.5731866288991309,1.2570939922619613,1.2569208723372303,,
5.810339150652088,0.5778568103746261,1.2839779831766758,1.283779434788436,,
5.919558236100365,0.5824998889243839,1.3112083643044676,1.3109810559766537,,
6.030830352932331,0.587115286527388,1.3387852054565097,1.3385254278934953,,
6.144194092735204,0.5917024538003884,1.3667085660817806,1.3664121969188467,,
6.259688772516493,0.5962608694183935,1.3949784965919827,1.3946409627153347,,
6.377354448339973,0.6007900395118951,1.4235950395521377,1.4232112769032828,,
6.497231929218007,0.6052894970452213,1.4525582307451437,1.452122641528234,,
6.619362791265001,0.6097588011800839,1.4818681001188114,1.4813745073338933,,
6.743789392116895,0.6141975366280711,1.511524672624065,1.510966271854048,,
6.870554885621716,0.6186053129955156,1.5415279689530217,1.5408972773376046,,
6.999703236806273,0.6229817641238381,1.5718780061855036,1.5711668085212147,,
7.131279237124176,0.6273265474281641,1.6025747983524021,1.6017740902643356,,
7.265328519990493,0.6316393432366967,1.633618356923968,1.6327182850616702,,
7.401897576608398,0.6359198541330485,1.6650086912307671,1.6639984904480896,,
7.541033772093349,0.6401678043034515,1.6967458088246135,1.6956137363110755,,
7.682785361900319,0.6443829388905105,1.7288297157863344,1.727562982125668,,
7.8272015085598445,0.6485650233549237,1.7612604169867492,1.7598451141267748,,
7.974332298728666,0.6527138428463756,1.7940379163067135,1.7924589424334807,,
8.124228760560857,0.656829201584598,1.8271622168215935,1.8254031981397503,,
8.276942881405501,0.6609109222514227,1.8606333209550217,1.8586765303856887,,
8.432527625837032,0.6649588453944757,1.8944512306063,1.8922775034231565,,
8.59103695402451,0.6689728288430231,1.9286159472553335,1.9262045936892513,,
8.752525840446157,0.6729527471363469,1.9631274720485292,1.9604561869008124,,
8.917050292955727,0.6768984909649179,1.9979858058686917,1.9950305751827209,,
9.08466737220722,0.6808099666245372,2.0331909493915337,2.0299259542424353,,
9.255435211444784,0.6846870954835304,2.0687429031310876,2.0651404206027753,,
9.429413036664561,0.6885298134630102,2.1046416674759305,2.100671968904577,,
9.606661187155566,0.6923380705301689,2.14088724271795,2.1365184892904963,,
9.787241136426658,0.6961118302044998,2.1774796290749636,2.1726777648807274,,
9.971215513526886,0.699851069076822,2.214418826708455,2.209147469351066,,
10.158648124766602,0.7035557763409407,2.251704835737331,2.2459251646232925,,
10.349603975846883,0.7072259533377485,2.2893376562485477,2.283008298677344,,
10.54414929440492,0.7108616131115645,2.327317288305255,2.3203942034944323,,
10.742351552983193,0.7144627799784757,2.365643731952991,2.3580800931396255,,
10.944279492430416,0.7180294891064513,2.4043169872243437,2.396063061992069,,
11.150003145742364,0.7215617861069816,2.4433370541424777,2.4343400831304804,,
11.359593862350831,0.7250597266379931,2.4827039327237204,2.472908006881013,,
11.573124332869163,0.7285233760177878,2.5224176229795097,2.5117635595341317,,
11.790668614302945,0.7319528088497541,2.562478124917776,2.550903342236559,,
12.012302155734575,0.7353481086575994,2.60288543854399,2.590323830063844,,
12.238101824490652,0.7387093675308518,2.6436395638618864,2.6300213712785077,,
12.468145932801217,0.7420366857803876,2.684740500873996,2.669992186778213,,
12.702514264960172,0.7453301716037383,2.726188249582024,2.710232369737772,,
12.941288104996161,0.7485899407599386,2.767982809987104,2.7507378854482574,,
13.184550264863667,0.7518161162536823,2.8101241820899796,2.7915045713558952,,
13.432385113163978,0.7550088280285533,2.8526123658911446,2.8325281373028255,,
13.684878604406082,0.7581682126691058,2.895447361390918,2.8738041659711815,,
13.942118308817516,0.7612944131115749,2.938629168589503,2.915328113531437,,
14.204193442715654,0.7643875783629982,2.98215778748703,2.957095310495277,,
14.471194899449847,0.7674478632285412,3.0260332180835814,2.9991009627727467,,
14.743215280925222,0.7704754280468151,3.0702554603792045,3.0413401529327926,,
15.02034892971903,0.7734704384329886,3.114824514373936,3.0838078416657866,,
15.302691961800695,0.7764330650294945,3.1597403800677952,3.1264988694460274,,
15.590342299866936,0.7793634832641397,3.2050030574607913,3.169407958391689,,
15.883399707303465,0.7822618731154289,3.250612546552931,3.212529714319159,,
16.181965822785102,0.7851284188849198,3.2965688473442167,3.2558586289881686,,
16.486144195526307,0.7879633089764289,3.342871959834657,3.2993890825336543,,
16.796040321194244,0.790766735681913,3.3895218840242514,3.3431153460797707,,
17.111761678497004,0.7935388949738563,3.4365186199130022,3.387031584531077,,
17.43341776645953,0.7962799863039934,3.4838621675009023,3.431131859535429,,
17.76112014240032,0.7989902124082089,3.5315525267879604,3.475410132612751,,
18.094982460621836,0.8016697791174496,3.5795896977741677,3.5198602684434253,3.579589697774168,18.09498246062183
18.43512051182835,0.8043188951744986,3.627973680459535,3.564476038309748,3.6279736804595335,18.435120511828345
18.78165226328467,0.8069377720564549,3.6767044748440583,3.609251123683493,3.676704474844056,18.78165226328467
19.134697899729712,0.8095266238027736,3.7257820809277344,3.6541791199523947,3.725782080927733,19.13469789972972
19.494379865059226,0.8120856668487209,3.775206498710565,3.699253540278035,3.7752064987105616,19.494379865059223
19.860822904791963,0.8146151198641018,3.8249777281925468,3.744467819577407,3.8249777281925463,19.86082290479196
20.234154109334153,0.8171152035971241,3.8750957693736883,3.789815318620173,3.875095769373686,20.23415410933414
20.61450295805719,0.8195861407232625,3.9255606222539843,3.835289328233499,3.925560622253983,20.614502958057205
21.002001364203952,0.8220281556989926,3.9763722868334312,3.8808830736061153,3.9763722868334317,21.002001364203952
21.396783720639103,0.8244414746202667,4.027530763112036,3.926589718683225,4.027530763112036,21.396783720639096
21.798986946459497,0.8268263250856052,4.079036051089799,3.9724023706436373,4.079036051089796,21.7989869464595
22.208750534480696,0.8291829360636811,4.130888150766712,4.0183140844505605,4.130888150766711,22.208750534480693
22.6262165996161,0.8315115377652815,4.1830870621427785,4.0643178674673806,4.1830870621427785,22.62621659961609
23.051529928165497,0.8338123615195255,4.235632785218005,4.110406684129701,4.235632785218007,23.051529928165518
23.484838028030065,0.8360856396542268,4.2885253199923845,4.156573460664964,4.288525319992383,23.484838028030065
23.926291179871384,0.8383316053802926,4.341764666465915,4.202811089851052,4.341764666465915,23.92629117987137
24.37604248923195,0.840550492680046,4.395350824638605,4.249112435805156,4.395350824638607,24.376042489231963
24.83424793963556,0.8427425361993691,4.44928379451045,4.295470338794451,4.44928379451045,24.834247939635567
25.301066446685766,0.8449079711435652,4.503563576081447,4.341877620060171,4.503563576081445,25.301066446685766
25.77665991318126,0.847047033176836,4.558190169351601,4.388327086646679,4.558190169351599,25.776659913181266
26.26119328526729,0.8491599583252788,4.613163574320907,4.43481153622744,4.613163574320907,26.26119328526728
26.75483460964254,0.8512469828833066,4.66848379098937,4.481323761919867,4.668483790989367,26.754834609642522
27.25775509184144,0.8533083433233987,4.724150819356989,4.527856557081183,4.724150819356989,27.25775509184145
27.77012915561187,0.8553442762090888,4.780164659423761,4.574402720077662,4.780164659423759,27.770129155611855
28.29213450340918,0.8573550181111061,4.8365253111896855,4.62095505901987,4.836525311189687,28.292134503409166
28.82395217802723,0.8593408055265769,4.8932327746547735,4.667506396456619,4.893232774654772,28.82395217802724
29.365766625387966,0.8613018748012065,4.950287049819007,4.71404957402071,4.950287049819005,29.365766625387955
29.917765758511283,0.8632384620543588,5.0076881366824,4.76057745701978,5.007688136682399,29.91776575851127
30.480141022687317,0.8651508031069506,5.065436035244947,4.8070829389656975,5.065436035244945,30.480141022687317
31.053087461873886,0.8670391334120838,5.1235307455066454,4.853558946036412,5.1235307455066454,31.05308746187388
31.6368037863419,0.8689036879883402,5.181972267467504,4.899998441464289,5.181972267467501,31.636803786341876
32.231492441592444,0.8707447013556616,5.240760601127512,4.946394429845334,5.240760601127516,32.23149244159246
32.83735967856926,0.8725624074737446,5.299895746486683,4.992739961363916,5.299895746486682,32.837359678569264
33.45461562519106,0.8743570396828787,5.359377703545004,5.039028135928041,5.359377703545006,33.454615625191096
34.08347435922846,0.8761288306471573,5.419206472302477,5.085252107210329,5.419206472302477,34.08347435922847
34.724153982550774,0.8778780122999965,5.479382052759107,5.131405086590342,5.479382052759107,34.72415398255077
35.376876696768534,0.8796048157918934,5.539904444914896,5.177480346994059,5.539904444914894,35.37687669676856
36.04186888029777,0.8813094714403608,5.6007736487698345,5.223471226626702,5.600773648769833,36.04186888029776
36.719361166873,0.8829922086819773,5.6619896643239365,5.269371132595401,5.661989664323931,36.71936116687302
37.40958852553601,0.8846532560264884,5.7235524915771805,5.315173544418405,5.723552491577175,37.409588525535966
38.11279034212822,0.8862928410129035,5.785462130529588,5.36087201741802,5.785462130529583,38.11279034212821
38.829210502314915,0.8879111901675261,5.8477185811811445,5.406460185994518,5.847718581181148,38.82921050231495
39.55909747617005,0.8895085289638643,5.910321843531861,5.451931766778801,5.910321843531859,39.55909747617005
40.3027044043511,0.8910850817843667,5.97327191758173,5.4972805616617375,5.973271917581727,40.30270440435108
41.06028918589375,0.8926410718839262,6.036568803330756,5.542500460698369,6.036568803330752,41.060289185893765
41.832114567656845,0.894176721355103,6.10021250077893,5.587585444885575,6.100212500778925,41.832114567656795
42.61844823544873,0.8956922510950163,6.164203009926268,5.632529588811992,6.164203009926267,42.61844823544875
43.4195629068665,0.8971878807738504,6.228540330772752,5.677327063179159,6.228540330772757,43.41956290686654
44.2357364258804,0.8986638288049325,6.293224463318396,5.721972137193359,6.293224463318394,44.23573642588034
45.06725185919611,0.9001203123163317,6.358255407563192,5.766459180827625,6.358255407563197,45.06725185919613
45.91439759442846,0.9015575471239323,6.423633163507148,5.8107826669537115,6.42363316350715,45.914397594428465
46.77746744012056,0.9029757477059409,6.489357731150257,5.854937173344227,6.489357731150255,46.777467440120546
47.65676072764288,0.9043751271787788,6.555429110492518,5.898917384545047,6.555429110492518,47.65676072764288
48.55258241500796,0.90575589727432,6.62184730153394,5.942718093618606,6.621847301533936,48.55258241500796
49.465243192636436,0.9071182683184336,6.688612304274507,5.986334203758767,6.688612304274505,49.46524319263637
50.39505959111122,0.9084624492107879,6.755724118714234,6.02976072977816,6.755724118714239,50.39505959111123
51.34235409095722,0.9097886474058792,6.823182744853128,6.072992799469081,6.823182744853122,51.342354090957244
52.307455234484536,0.9110970688952461,6.890988182691153,6.116025654839293,6.8909881826911565,52.307455234484536
53.290697739734156,0.9123879181908324,6.959140432228352,6.158854653224131,6.959140432228347,53.29069773973412
54.29242261656534,0.9136613983094611,7.02763949346469,6.201475268276542,7.027639493464697,54.292422616565354
55.312977284925296,0.9149177107583853,7.096485366400195,6.243883090836831,7.096485366400195,55.31297728492523
56.35271569534199,0.9161570555218824,7.16567805103486,6.286073829684068,7.165678051034853,56.35271569534196
57.41199845168183,0.9173796310488548,7.235217547368663,6.328043312171126,7.235217547368668,57.41199845168186
58.49119293621496,0.9185856342414082,7.305103855401633,6.369787484745594,7.305103855401629,58.491192936214894
59.59067343703134,0.9197752604443741,7.375336975133742,6.411302413358847,7.3753369751337505,59.59067343703133
60.71082127785214,0.9209487034357442,7.4459169065650315,6.4525842837655984,7.445916906565035,60.710821277852226
61.852024950280914,0.9221061554179888,7.51684364969546,6.4936294017165235,7.516843649695456,61.85202495028084
63.01468024854101,0.9232478070102297,7.588117204525041,6.5344341930465015,7.588117204525046,63.01468024854101
64.19919040674561,0.9243738472412361,7.659737571053782,6.574995203661062,7.659737571053789,64.19919040674566
65.40596623874806,0.92548446354322,7.731704749281668,6.61530909942391,7.731704749281679,65.40596623874802
66.63542628062105,0.9265798417464016,7.804018739208729,6.655372665948213,7.804018739208727,66.63542628062098
67.88799693581397,0.9276601660743177,7.876679540834928,6.69518280829452,7.876679540834937,67.88799693581396
69.16411262303903,0.9287256191398492,7.949687154160294,6.734736550578269,7.949687154160291,69.16411262303895
70.46421592693692,0.929776381941943,8.023041579184806,6.774031035489748,8.023041579184813,70.46421592693693
71.78875775157486,0.9308126338630014,8.096742815908485,6.8130635237295145,8.096742815908481,71.78875775157485
73.13819747682996,0.931834552666919,8.170790864331316,6.8518313933623025,8.17079086433131,73.13819747683002
74.51300311771212,0.9328423144977409,8.245185724453293,6.890332139092346,8.245185724453295,74.51300311771226
75.91365148668173,0.9338360938789225,8.319927396274416,6.928563371463229,8.319927396274416,75.91365148668166
77.34062835901868,0.9348160637131679,8.395015879794705,6.966522815985301,8.395015879794707,77.34062835901868
78.79442864129982,0.9357823952828248,8.470451175014162,7.004208312193572,8.470451175014155,78.79442864129987
80.27555654304312,0.9367352582508178,8.546233281932771,7.0416178126392825,8.546233281932748,80.2755565430431
81.78452575157868,0.9376748206620991,8.622362200550498,7.078749381818078,8.62236220055051,81.78452575157878
83.32185961020654,0.938601248945595,8.698837930867427,7.1156011950377565,8.698837930867416,83.32185961020663
84.88809129970358,0.9395147079166343,8.775660472883487,7.152171537228684,8.775660472883477,84.88809129970355
86.48376402324209,0.9404153607798343,8.852829826598693,7.1884588016997375,8.85282982659869,86.48376402324199
88.10943119478453,0.941303369132432,8.930345992013088,7.224461488842753,8.930345992013063,88.10943119478443
89.76565663101957,0.9421788929680386,9.008208969126585,7.260178204788346,9.008208969126592,89.76565663101957
91.45301474690577,0.9430420906808045,9.086418757939285,7.295607660016011,9.086418757939276,91.45301474690577
93.17209075489127,0.9438931190699753,9.16497535845113,7.330748667921281,9.16497535845112,93.17209075489133
94.92348086787823,0.9447321333448246,9.243878770662107,7.365600143342717,9.243878770662098,94.92348086787801
96.70779250600235,0.9455592871299483,9.323128994572244,7.400161101051521,9.323128994572249,96.7077925060022
98.52564450729938,0.946374732470903,9.402726030181555,7.434430654206346,9.402726030181556,98.52564450729935
100.37766734233159,0.9471786198401778,9.482669877490025,7.468408012776044,9.482669877490016,100.37766734233163
102.26450333284868,0.9479710981434825,9.562960536497656,7.502092481932859,9.562960536497629,102.26450333284875
104.1868068745589,0.9487523147263387,9.643598007204403,7.535483460418608,9.643598007204396,104.18680687455897
106.14524466408768,0.9495224153809622,9.72458228961031,7.568580438886316,9.724582289610314,106.14524466408767
108.14049593020255,0.9502815443534214,9.805913383715406,7.601382998219698,9.805913383715392,108.14049593020256
110.17325266938435,0.9510298443510611,9.88759128951962,7.633890807832822,9.887591289519616,110.17325266938424
112.24421988582674,0.9517674565501786,9.96961600702302,7.6661036239522815,9.969616007023017,112.24421988582691
114.35411583594676,0.9524945206039396,10.051987536225553,7.698021287884005,10.051987536225555,114.35411583594698
116.50367227749231,0.9532111746505246,10.134705877127246,7.729643724266994,10.134705877127251,116.50367227749263
118.69363472333086,0.9539175553214918,10.217771029728056,7.760970939315908,10.217771029728084,118.69363472333067
120.92476270001002,0.9546137977503484,10.301182994028082,7.792003019054709,10.30118299402809,120.92476270000988
123.19783001117771,0.9553000355813169,10.384941770027268,7.822740127543123,10.384941770027256,123.1978300111777
125.51362500595407,0.9559764009782896,10.469047357725572,7.853182505098006,10.469047357725572,125.513625005954
127.87295085234805,0.9566430246339587,10.553499757123063,7.883330466511323,10.553499757123047,127.87295085234815
130.27662581581345,0.9573000357791132,10.638298968219672,7.913184399266523,10.638298968219667,130.27662581581356
132.7254835430416,0.9579475621920945,10.723444991015441,7.942744761755055,10.72344499101544,132.7254835430415
135.2203733510874,0.9585857302084004,10.808937825510412,7.9720120814945945,10.808937825510386,135.2203733510877
137.76216052193146,0.9592146647304279,10.8947774717045,8.000986953350573,10.894777471704481,137.76216052193192
140.35172660257848,0.9598344892373496,10.980963929597706,8.02967003776254,10.980963929597706,140.35172660257828
142.98996971079703,0.9604453257951128,11.0674971991901,8.058062058976805,11.067497199190099,142.98996971079666
145.6778048466062,0.9610472950665532,11.15437728048164,8.08616380328662,11.154377280481654,145.67780484660582
148.41616420961742,0.9616405163216177,11.241604173472382,8.113976117281375,11.241604173472373,148.41616420961736
151.2059975223418,0.9622251074476871,11.329177878162255,8.141499906105974,11.329177878162234,151.20599752234168
154.04827235957418,0.962801184959992,11.417098394551289,8.168736131731597,11.417098394551262,154.04827235957438
156.94397448396938,0.9633688640121152,11.505365722639425,8.195685811238977,11.505365722639437,156.9439744839696
159.89410818792592,0.9639282584065735,11.593979862426778,8.22235001511528,11.593979862426753,159.8941081879258
162.89969664189653,0.9644794806054728,11.682940813913262,8.248729865565615,11.682940813913241,162.8996966418965
165.9617822492458,0.9650226417412296,11.772248577098907,8.274826534840075,11.77224857709888,165.96178224924589
169.08142700777844,0.9655578516273534,11.861903151983682,8.300641243577306,11.861903151983691,169.08142700777913
172.25971287806308,0.9660852187692834,11.951904538567646,8.326175259165366,11.951904538567632,172.2597128780635
175.49774215867978,0.9666048503752755,12.042252736850713,8.35142989412075,12.042252736850697,175.49774215867893
178.796637868521,0.967116852367332,12.13294774683294,8.376406504486308,12.132947746832965,178.79663786852035
182.15754413627906,0.9676213293921687,12.223989568514384,8.401106488248642,12.223989568514387,182.15754413627886
185.58162659725483,0.9681183848322169,12.315378201894958,8.425531283775825,12.315378201894955,185.58162659725468
189.07007279762527,0.9686081208166527,12.407113646974693,8.449682368275932,12.407113646974677,189.07007279762507
192.62409260631034,0.9690906382324497,12.49919590375356,8.473561256276897,12.49919590375355,192.6240926063101
196.24491863458155,0.9695660367354504,12.591624972231614,8.4971694981283,12.591624972231589,196.24491863458172
199.9338066635592,0.9700344147614522,12.6844008524088,8.5205086785255,12.684400852408777,199.9338066635595
203.6920360797435,0.9704958695373035,12.777523544285145,8.543580415056534,12.777523544285133,203.69203607974407
207.52091031873312,0.9709504970920046,12.870993047860622,8.566386356772169,12.870993047860603,207.52091031873312
211.4217573172878,0.971398392267813,12.96480936313526,8.588928182779522,12.964809363135261,211.4217573172881
215.3959299738823,0.9718396487313432,13.058972490109085,8.611207600859363,13.058972490109078,215.39592997388297
219.44480661792267,0.972274358984664,13.153482428782041,8.63322634610761,13.153482428782034,219.4448066179232
223.5697914877807,0.9727026143763847,13.24833917915413,8.654986179601087,13.248339179154131,223.56979148778044
227.77231521781408,0.9731245051127299,13.343542741225406,8.676488887087793,13.343542741225395,227.7723152178136
232.05383533454162,0.9735401202685965,13.439093114995813,8.697736277701818,13.439093114995812,232.05383533454074
236.41583676214492,0.9739495477985938,13.53499030046541,8.718730182703123,13.534990300465399,236.41583676214424
240.85983233747257,0.9743528745480594,13.631234297634137,8.739472454242168,13.631234297634139,240.85983233747226
245.38736333472457,0.9747501862640513,13.727825106502053,8.75996496414957,13.727825106502035,245.38736333472445
250.0,0.9751415676063112,13.824762727069128,8.780209602750771,13.824762727069075,249.99999999999972
