source_path,sha256,size_bytes,semantic_class,canonical_destination,disposition,rationale
analyticity-and-elementarity/Non_Elementarity_of_the_Fabius_Function/Non_Elementarity_of_the_Fabius_Function.pdf,db8f6c1079eaf867ac9f1e87b936966acde1d8b580928ee4fcaf607bb75d7b8e,604188,historical_render,,retire_after_canonical_publication,The synchronized source PDF is superseded by the canonical integrated render.
analyticity-and-elementarity/Non_Elementarity_of_the_Fabius_Function/Non_Elementarity_of_the_Fabius_Function.tex,8021f1f3aba753aac67a9a2b6ccbb7e2487ee1d3f60a8df3fd33551c0504c737,53841,master_source,chapters/01_analyticity_and_elementarity.tex,absorbed_into_canonical_text,Result-level content is represented in the raw source inventory and analyticity chapter; reviewed theorem-concordance disposition remains pending.
analyticity-and-elementarity/Non_Elementarity_of_the_Fabius_Function/SHA256SUMS,6b01968f66d329f443da2c7f9026022afe7f0542bcae02a7d265c348b743cc7d,220,provenance_ledger,assets/provenance/non-elementarity/SHA256SUMS.txt,retained_copy,"Historical checksum or arrival manifest retained as provenance, not as the live canonical ledger."
analyticity-and-elementarity/README.md,dac24b8bc0609910bb950f663a2d4e7be8b84301d9386188e19eaffbe26ee2bc,547,subgroup_documentation,README.md,merged_into_canonical_documentation,The subgroup catalog is replaced by the canonical package documentation.
analyticity-and-elementarity/inverse_fabius_iterates_nowhere_analytic/MANIFEST.txt,995e24c899fe3ad98c23930097e6f727f007de46adf4f1f3ae253528e41db696,396,provenance_ledger,assets/provenance/inverse-iterates/MANIFEST.txt,retained_copy,"Historical checksum or arrival manifest retained as provenance, not as the live canonical ledger."
analyticity-and-elementarity/inverse_fabius_iterates_nowhere_analytic/README.md,4cbf44df1e05cc091d43cc53b6df71e72c861ec47a7fcb42a0d6b932304501ab,7852,package_documentation,PROVENANCE.md; assets/README.md,merged_into_canonical_documentation,"Status, corrections, and reproduction notes are consolidated into canonical documentation."
analyticity-and-elementarity/inverse_fabius_iterates_nowhere_analytic/REPOSITORY_AUDIT.md,dd6e5c0555f5f132b4c9dd46a895156ff5930091897f98ee3b1e7a6be6511a2b,5889,claim_audit,assets/provenance/inverse-iterates/REPOSITORY_AUDIT.md,retained_copy,Source-corpus audit retained as historical provenance.
analyticity-and-elementarity/inverse_fabius_iterates_nowhere_analytic/SHA256SUMS.arrival.txt,c270903631b0942aa7f7742b84ea0117bb9f2f4cc0d0eb374889077ba37873a0,1254,provenance_ledger,assets/provenance/inverse-iterates/SHA256SUMS.arrival.txt,retained_copy,"Historical checksum or arrival manifest retained as provenance, not as the live canonical ledger."
analyticity-and-elementarity/inverse_fabius_iterates_nowhere_analytic/SHA256SUMS.txt,cc814d96ba5b3a33e9b37f5a95a6701f5a7c62849ac9cd11c7da68b45cb33aae,1429,operational_checksum_ledger,,not_retained_stale_operational_ledger,The source and README rows are stale; the canonical live ledger replaces it.
analyticity-and-elementarity/inverse_fabius_iterates_nowhere_analytic/figures/fabius_iterates.png,133f853875a46795bcc515b4e4be81d43e45d344a7287fafe59457007f8616f2,82576,figure_raster,,external_duplicate_not_copied,Byte-identical to the corrected forward-iterate package; that package remains the canonical owner of the forward figure.
analyticity-and-elementarity/inverse_fabius_iterates_nowhere_analytic/figures/inverse_taylor_root_diagnostic.png,aae90757dc562a39165a325c28efa4e102b02fe686341c6d64f1f1dc2b6aa81c,52142,figure_raster,assets/inverse-iterates/figures/inverse_taylor_root_diagnostic.png,retained_copy,Unique inverse-facing formal-reversion diagnostic retained.
analyticity-and-elementarity/inverse_fabius_iterates_nowhere_analytic/figures/spine_comparison.png,1ab5e26247c83d7f8dbb55a6140b663854a5f79991157ce071ab88294587027b,92553,figure_raster,,external_duplicate_not_copied,Byte-identical to the corrected forward-iterate package; that package remains the canonical owner of the forward figure.
analyticity-and-elementarity/inverse_fabius_iterates_nowhere_analytic/figures/spine_remainder.png,f9492cf024a6547964cc45e3715842cfe47200befd434687fd5f610833e9bca1,58995,figure_raster,,external_duplicate_not_copied,Byte-identical to the corrected forward-iterate package; that package remains the canonical owner of the forward figure.
analyticity-and-elementarity/inverse_fabius_iterates_nowhere_analytic/figures/taylor_root_diagnostic.png,5a2b3c7cb826887902fc62ffa5a9553fed1f9480a11b67a95b419f1dd12f1e71,73336,figure_raster,,not_retained_pending_forward_reconciliation,Forward-facing payload differs from the corrected forward report and must be regenerated from the chosen forward engine before publication.
analyticity-and-elementarity/inverse_fabius_iterates_nowhere_analytic/inverse_fabius_iterates_nowhere_analytic.pdf,0f84ae8e4319225c61fa22d768f904a9e08c07d301f189dc5962e78c7a0760dd,910067,historical_render,,retire_after_canonical_publication,The retained PDF is not synchronized with the current source.
analyticity-and-elementarity/inverse_fabius_iterates_nowhere_analytic/inverse_fabius_iterates_nowhere_analytic.tex,c1e9839bee77207ea059f8604ce3773fa0c25c57511e4ca70c3f204f4336bd74,71155,master_source,chapters/02_inverse_iterates.tex,absorbed_into_canonical_text,Unique inverse-facing content is represented in the raw source inventory and iterate chapter; reviewed theorem-concordance disposition remains pending.
analyticity-and-elementarity/inverse_fabius_iterates_nowhere_analytic/numerical_experiments.py,58744382022444edf812ae7ec95ec4a5a1cc59c17fd8b3061046b7657267c369,20873,reproduction_script,assets/inverse-iterates/numerical_experiments.py,retained_copy,Unique reproducibility program retained under a semantic namespace.
analyticity-and-elementarity/inverse_fabius_iterates_nowhere_analytic/numerical_output/numerical_metadata.txt,c417ec815fa4f9677175f15abba52c77f44b7e27e1314f9086a84494843c9beb,788,run_metadata,assets/inverse-iterates/data/numerical_metadata.txt,retained_copy,Unique numerical replay metadata retained.
analyticity-and-elementarity/inverse_fabius_iterates_nowhere_analytic/numerical_output/spine_diagnostic.csv,4e9539dc4f51239e3a1989e27e8c35880968f1679a0688b68f283e71d25a4709,4820,numeric_data,assets/inverse-iterates/data/spine_diagnostic.csv,retained_copy,Unique exact or high-precision data snapshot retained.
analyticity-and-elementarity/inverse_fabius_iterates_nowhere_analytic/requirements.txt,b6aab4c314824b3fdf54426118c2ddce8bfbfd18aefc67f27767b87978c3e63f,30,dependency_specification,assets/requirements.txt,consolidated_into_dependency_specification,The dependency names are merged into one canonical requirement set.
inverse-asymptotics-and-computability/Inverse_Endpoint_All_Orders/Inverse_Endpoint_All_Orders.pdf,4f50e4973a1ec37850ce516198e95e56b6f6cbe9d2d91bdc69fa80d123057004,856623,historical_render,,retire_after_canonical_publication,The stale render contains Type-3 plot fonts and is superseded by the canonical PDF.
inverse-asymptotics-and-computability/Inverse_Endpoint_All_Orders/Inverse_Endpoint_All_Orders.tex,cc741563a0af99c6e8bc4b4ebb629c363f3b8605d5053db289a619740e992ccc,77842,master_source,chapters/04_endpoint_all_orders.tex,absorbed_into_canonical_text,Result-level content is represented in the raw source inventory and endpoint chapter; reviewed theorem-concordance disposition remains pending.
inverse-asymptotics-and-computability/Inverse_Endpoint_All_Orders/assets/SHA256SUMS-absorbed.txt,4267e97eeffcc2e9edbb27dc15b954a94ef70dfe37058b0a875febcd46488b98,402,provenance_ledger,assets/provenance/endpoint/SHA256SUMS-absorbed.txt,retained_copy,"Historical checksum or arrival manifest retained as provenance, not as the live canonical ledger."
inverse-asymptotics-and-computability/Inverse_Endpoint_All_Orders/assets/inverse_fabius_all_orders_package/README.txt,2dd8ed23efe941dc6b05076f2f3566254b5b31a6c74ad1c2350267461acdf4f3,1960,package_documentation,assets/README.md,merged_into_canonical_reproduction_readme,Commands and package layout are consolidated into the asset README.
inverse-asymptotics-and-computability/Inverse_Endpoint_All_Orders/assets/inverse_fabius_all_orders_package/SHA256SUMS.txt,3e20c6e228fb8038489000f0d117dcf040df5dcfb885e1c25cbbc6ffe764a917,760,provenance_ledger,assets/provenance/endpoint/all-orders-SHA256SUMS.txt,retained_copy,"Historical checksum or arrival manifest retained as provenance, not as the live canonical ledger."
inverse-asymptotics-and-computability/Inverse_Endpoint_All_Orders/assets/inverse_fabius_all_orders_package/inverse_fabius_asymptotics.py,7bd3b52e7b57eb20e6421184db5be17711e108054923dd4b834ec966dac11095,17255,reproduction_script,assets/endpoint/all-orders/scripts/inverse_fabius_asymptotics.py,retained_copy,Unique reproducibility program retained under a semantic namespace.
inverse-asymptotics-and-computability/Inverse_Endpoint_All_Orders/assets/inverse_fabius_all_orders_package/results/constants.txt,309869a26db663671a48caff64bbc3f293870e69cf80ce2a313efc09fc4549ca,828,numeric_data,assets/endpoint/all-orders/data/constants.txt,retained_copy,Unique exact or high-precision data snapshot retained.
inverse-asymptotics-and-computability/Inverse_Endpoint_All_Orders/assets/inverse_fabius_all_orders_package/results/endpoint_error_plot.pdf,ae5d5349703ff3701d0712e04277a542774630780bd8bd2d8d5ccce93e31373a,23901,figure_vector,assets/endpoint/all-orders/figures/endpoint_error_plot.pdf,retained_copy,Unique vector figure retained for publication use.
inverse-asymptotics-and-computability/Inverse_Endpoint_All_Orders/assets/inverse_fabius_all_orders_package/results/endpoint_error_plot.png,31dca7d01e3e38f13e59e8b66bc0fe0490645f4dcff37a628fceea630e45101a,152904,figure_raster,assets/endpoint/all-orders/figures/endpoint_error_plot.png,retained_copy,Unique raster figure retained for reproducible comparison.
inverse-asymptotics-and-computability/Inverse_Endpoint_All_Orders/assets/inverse_fabius_all_orders_package/results/endpoint_errors.csv,3e930c46f29ee128eb2186a4fc26229a90b99033319fdc0cae217c4b9a6eeb87,1075,numeric_data,assets/endpoint/all-orders/data/endpoint_errors.csv,retained_copy,Unique exact or high-precision data snapshot retained.
inverse-asymptotics-and-computability/Inverse_Endpoint_All_Orders/assets/inverse_fabius_all_orders_package/results/symbolic_checks.txt,2725b29107687ca5b531135329fadf5ac1300e4d1c1de8289c6271b4fb903988,819,numeric_log,assets/endpoint/all-orders/data/symbolic_checks.txt,retained_copy,Unique symbolic or numerical verification log retained.
inverse-asymptotics-and-computability/Inverse_Endpoint_All_Orders/assets/inverse_fabius_asymptotics_package/CORPUS_AUDIT.txt,97d4711281348c8d8c806a505691d7f2cac0a80de13dc0f9aadadc5fafcd5403,1932,claim_audit,assets/provenance/endpoint/wright-omega-CORPUS_AUDIT.txt,retained_copy,Source-corpus audit retained as historical provenance.
inverse-asymptotics-and-computability/Inverse_Endpoint_All_Orders/assets/inverse_fabius_asymptotics_package/README.md,4fbcfc0f99d6aa173c8b55ff474ffdd08ded6973b9e5353aac0e2e1e31589530,2531,package_documentation,assets/README.md,merged_into_canonical_reproduction_readme,Commands and package layout are consolidated into the asset README.
inverse-asymptotics-and-computability/Inverse_Endpoint_All_Orders/assets/inverse_fabius_asymptotics_package/SHA256SUMS.txt,a8e4cb35c6b2133417183c520d0b05085bb37ab0381c63922166d54042cdde91,1433,provenance_ledger,assets/provenance/endpoint/wright-omega-SHA256SUMS.txt,retained_copy,"Historical checksum or arrival manifest retained as provenance, not as the live canonical ledger."
inverse-asymptotics-and-computability/Inverse_Endpoint_All_Orders/assets/inverse_fabius_asymptotics_package/data/carrier_comparison.png,516b0ef762b94e9190d523dd2b51a9828445b4fd7087eb0f430a84fe84f781e9,135890,figure_raster,assets/endpoint/wright-omega/figures/carrier_comparison.png,retained_copy,Unique raster figure retained for reproducible comparison.
inverse-asymptotics-and-computability/Inverse_Endpoint_All_Orders/assets/inverse_fabius_asymptotics_package/data/dyadic_inverse_comparison.csv,59f38703c8678aa0f941cbd78898a6daaa1fb05ee86e41e5ef3f9fc4e2dd8184,2087,numeric_data,assets/endpoint/wright-omega/data/dyadic_inverse_comparison.csv,retained_copy,Unique exact or high-precision data snapshot retained.
inverse-asymptotics-and-computability/Inverse_Endpoint_All_Orders/assets/inverse_fabius_asymptotics_package/data/exact_dyadic_values.txt,f10441904efab3d401aa7ada1147e37d08c347e801f669f2b139aff302a3944e,764,numeric_data,assets/endpoint/wright-omega/data/exact_dyadic_values.txt,retained_copy,Unique exact or high-precision data snapshot retained.
inverse-asymptotics-and-computability/Inverse_Endpoint_All_Orders/assets/inverse_fabius_asymptotics_package/data/scaled_residuals.png,6b01fc668d0e5ca31699991b55f616b34cec878a2686226a3df2b1b2cdff8947,64262,figure_raster,assets/endpoint/wright-omega/figures/scaled_residuals.png,retained_copy,Unique raster figure retained for reproducible comparison.
inverse-asymptotics-and-computability/Inverse_Endpoint_All_Orders/assets/inverse_fabius_asymptotics_package/data/symbolic_inverse_coefficients.txt,f0bb76a1a0d085e038dcf839fd50f41e4fe0c5923cc6ec3dac620beb58c380c6,990,numeric_log,assets/endpoint/wright-omega/data/symbolic_inverse_coefficients.txt,retained_copy,Unique symbolic or numerical verification log retained.
inverse-asymptotics-and-computability/Inverse_Endpoint_All_Orders/assets/inverse_fabius_asymptotics_package/figures/carrier_comparison.pdf,1c0ade890cd2217fcb4ad51aa8c2cbf37c2f2fdbbed9eab048d0bf42994391b8,20086,figure_vector,assets/endpoint/wright-omega/figures/carrier_comparison.pdf,retained_copy,Unique vector figure retained for publication use.
inverse-asymptotics-and-computability/Inverse_Endpoint_All_Orders/assets/inverse_fabius_asymptotics_package/figures/carrier_comparison.png,516b0ef762b94e9190d523dd2b51a9828445b4fd7087eb0f430a84fe84f781e9,135890,figure_raster,assets/endpoint/wright-omega/figures/carrier_comparison.png,deduplicated_to_retained_payload,Byte-identical to data/carrier_comparison.png; only one canonical copy is kept.
inverse-asymptotics-and-computability/Inverse_Endpoint_All_Orders/assets/inverse_fabius_asymptotics_package/figures/scaled_residuals.pdf,cddaadc89ff83e4ec9aa7c6fade0c02b5bd31dbcd9dfb9b6d300dba384c6c34d,16902,figure_vector,assets/endpoint/wright-omega/figures/scaled_residuals.pdf,retained_copy,Unique vector figure retained for publication use.
inverse-asymptotics-and-computability/Inverse_Endpoint_All_Orders/assets/inverse_fabius_asymptotics_package/figures/scaled_residuals.png,6b01fc668d0e5ca31699991b55f616b34cec878a2686226a3df2b1b2cdff8947,64262,figure_raster,assets/endpoint/wright-omega/figures/scaled_residuals.png,deduplicated_to_retained_payload,Byte-identical to data/scaled_residuals.png; only one canonical copy is kept.
inverse-asymptotics-and-computability/Inverse_Endpoint_All_Orders/assets/inverse_fabius_asymptotics_package/inverse_fabius_experiments.py,d709bba8f2c3116ab8c8f94f8a41010f0578410251d5a7e9a6299b4d05a82408,18345,reproduction_script,assets/endpoint/wright-omega/scripts/inverse_fabius_experiments.py,retained_copy,Unique reproducibility program retained under a semantic namespace.
inverse-asymptotics-and-computability/Inverse_Endpoint_All_Orders/assets/inverse_fabius_asymptotics_package/requirements.txt,234c3a2ca48ee1075ad578dd9cd351dba958b930e7a423ac125f03b9780341c8,40,dependency_specification,assets/requirements.txt,consolidated_into_dependency_specification,The strongest supplied lower bounds are merged into one canonical requirement set.
inverse-asymptotics-and-computability/Inverse_Endpoint_All_Orders/assets/inverse_fabius_asymptotics_report/README.md,9f462425dd81bbc9b95ffeee438be4ab2a559841a26b8177bffd18333bdb5c9c,3957,package_documentation,assets/README.md,merged_into_canonical_reproduction_readme,Commands and package layout are consolidated into the asset README.
inverse-asymptotics-and-computability/Inverse_Endpoint_All_Orders/assets/inverse_fabius_asymptotics_report/SHA256SUMS,84cd527bf507e12883f6051efd23028872bf43a60a7032d29e9820e4deb02bd8,827,provenance_ledger,assets/provenance/endpoint/dyadic-completion-SHA256SUMS.txt,retained_copy,"Historical checksum or arrival manifest retained as provenance, not as the live canonical ledger."
inverse-asymptotics-and-computability/Inverse_Endpoint_All_Orders/assets/inverse_fabius_asymptotics_report/dyadic_tail_convergence.pdf,71e889f36bfed4ec62329dcd02b9ba9bf884ab373b8dcf235c69edec0229439a,15722,figure_vector,assets/endpoint/dyadic-completion/figures/dyadic_tail_convergence.pdf,retained_copy,Unique vector figure retained for publication use.
inverse-asymptotics-and-computability/Inverse_Endpoint_All_Orders/assets/inverse_fabius_asymptotics_report/generated_coefficients.tex,7460fcf25a9bcb93870c24dc269e23f856b927f28c36e3b699cb1fba833d8ebe,2857,generated_tex,assets/endpoint/dyadic-completion/generated/generated_coefficients.tex,retained_copy,Unique machine-generated TeX fragment retained.
inverse-asymptotics-and-computability/Inverse_Endpoint_All_Orders/assets/inverse_fabius_asymptotics_report/inverse_fabius_experiments.py,31d9f01fa04b6ba6f82a40e75c5cf3aa611902502ee6ecc937baa9396f376df7,15586,reproduction_script,assets/endpoint/dyadic-completion/scripts/inverse_fabius_experiments.py,retained_copy,Unique reproducibility program retained under a semantic namespace.
inverse-asymptotics-and-computability/Inverse_Endpoint_All_Orders/assets/inverse_fabius_asymptotics_report/psi_periodic.pdf,a1ca0ab8f3dd35e5ff33152e9a4a1f5da8517f807293df1d5df62641dee9039f,15312,figure_vector,assets/endpoint/dyadic-completion/figures/psi_periodic.pdf,retained_copy,Unique vector figure retained for publication use.
inverse-asymptotics-and-computability/Inverse_Endpoint_All_Orders/assets/inverse_fabius_asymptotics_report/requirements.txt,465fefc35d9894b94f24fdfed8a8411af231db5d1bbf3d3d044492c52ed01adc,51,dependency_specification,assets/requirements.txt,consolidated_into_dependency_specification,The strongest supplied lower bounds are merged into one canonical requirement set.
inverse-asymptotics-and-computability/Inverse_Endpoint_All_Orders/assets/inverse_fabius_asymptotics_report/verification_output.txt,15eaf737ec26e485dfa816d3b43ea9dd8bf19f4ce61f337f2e1515f9ea33fe81,2725,numeric_log,assets/endpoint/dyadic-completion/data/verification_output.txt,retained_copy,Unique symbolic or numerical verification log retained.
inverse-asymptotics-and-computability/Inverse_Fabius_Computability_Report/ARRIVAL_SHA256SUMS.txt,4e8efef7a09040949ffcaccec8c2dbe55ebef202db44abb9b63d912222f38b8a,628,provenance_ledger,assets/provenance/computability/ARRIVAL_SHA256SUMS.txt,retained_copy,"Historical checksum or arrival manifest retained as provenance, not as the live canonical ledger."
inverse-asymptotics-and-computability/Inverse_Fabius_Computability_Report/README.txt,fd01e4ac45ae2a237d0fe0c90f67d9c6173904d744b317f8dbdf4b57566bfdc8,7963,package_documentation,PROVENANCE.md; assets/README.md,merged_into_canonical_documentation,"Status, crosswalk, and reproduction notes are consolidated into canonical documentation."
inverse-asymptotics-and-computability/Inverse_Fabius_Computability_Report/SHA256SUMS.txt,49f4d1b4522c4cbc1c0c3d1769c19ecf3d257f38e24a16b207c23a6f957a1923,561,operational_checksum_ledger,,not_retained_stale_operational_ledger,The TeX and README rows are stale; the canonical live ledger replaces it.
inverse-asymptotics-and-computability/Inverse_Fabius_Computability_Report/inverse_fabius_computability.pdf,5a9976f9ece840d1b8456b4ea3753c36e369cbade8caff1c04158cc7d33cff75,711374,historical_render,,retire_after_canonical_publication,The retained PDF is not synchronized with the current source.
inverse-asymptotics-and-computability/Inverse_Fabius_Computability_Report/inverse_fabius_computability.tex,ca8fa1819440543c011b5fcd2b6dd7816ee3d5f2da1e0975a0dfe07c84e8c16f,123248,master_source,chapters/06_computability.tex,absorbed_into_canonical_text,Result-level content is represented in the raw source inventory and computability chapter; reviewed theorem-concordance disposition remains pending.
inverse-asymptotics-and-computability/Inverse_Fabius_Computability_Report/inverse_fabius_computability_experiments.py,ad8105be134ef782af3344c69ea100c1f077d704527b895b1e805f4055d92acd,12369,reproduction_script,assets/computability/inverse_fabius_computability_experiments.py,retained_copy,Unique reproducibility program retained under a semantic namespace.
inverse-asymptotics-and-computability/Inverse_Fabius_Computability_Report/numerical_output.txt,6f65be66860d65b95c20dee9f2cfa204b0b6c4464f8d768467184c3fd47e2ff9,2476,numeric_log,assets/computability/numerical_output.txt,retained_copy,Unique symbolic or numerical verification log retained.
inverse-asymptotics-and-computability/Inverse_and_Sampling_Frontiers/Inverse_and_Sampling_Frontiers.pdf,a0f72eeb7f0868077f9c5ed512efd9ff6a6613bd4ada9139b8f629107aed6203,1840807,historical_render,,retire_after_canonical_publication,The retained PDF predates the current source and is superseded by the canonical PDF.
inverse-asymptotics-and-computability/Inverse_and_Sampling_Frontiers/Inverse_and_Sampling_Frontiers.tex,e00614842a31e5510e32154dee7444058420ac9f6b374845229e2fae7f64ed76,276240,master_source,chapters/03_inverse_germs_and_deconvolution.tex; chapters/04_endpoint_all_orders.tex; chapters/05_dyadic_self_sampling.tex,absorbed_into_canonical_text,Result-level content is represented in the raw source inventory and canonical chapters; reviewed theorem-concordance disposition remains pending.
inverse-asymptotics-and-computability/Inverse_and_Sampling_Frontiers/assets/Fabius_Dyadic_Self_Sampling_Frontier_Package/README.txt,6e6c43efb71cbd9233c222e9e45ab928f85b3a1c81b1bdd2cc84e29521675f19,2140,package_documentation,assets/README.md,merged_into_canonical_reproduction_readme,Commands and status notes are consolidated into the canonical asset README.
inverse-asymptotics-and-computability/Inverse_and_Sampling_Frontiers/assets/Fabius_Dyadic_Self_Sampling_Frontier_Package/appell_polynomials.tex,a17a506bded1d51ad7ab8ec0ed7eac95bb97f8878a9c22959a7d2328b550a959,797,generated_tex,assets/self-sampling/generated/appell_polynomials.tex,retained_copy,Unique machine-generated TeX fragment retained.
inverse-asymptotics-and-computability/Inverse_and_Sampling_Frontiers/assets/Fabius_Dyadic_Self_Sampling_Frontier_Package/appell_root_certificate.txt,4add021d36f38580124970efdf86d36fe19bc430e8f24d4ff04f3308379972e1,268,numeric_log,assets/self-sampling/data/appell_root_certificate.txt,retained_copy,Unique symbolic or numerical verification log retained.
inverse-asymptotics-and-computability/Inverse_and_Sampling_Frontiers/assets/Fabius_Dyadic_Self_Sampling_Frontier_Package/appell_root_counts.csv,c8395506c15492b2a7e16091316e492276d740253cfb3eef068b832a42ef0f56,175,numeric_data,assets/self-sampling/data/appell_root_counts.csv,retained_copy,Unique exact or high-precision data snapshot retained.
inverse-asymptotics-and-computability/Inverse_and_Sampling_Frontiers/assets/Fabius_Dyadic_Self_Sampling_Frontier_Package/appell_roots.png,2b9a8cb0cd57d1d3fdfa299b868e0f4145e2f25d47c423ac9e1aa0d42fc201ab,61803,figure_raster,assets/self-sampling/figures/appell_roots.png,retained_copy,Unique raster figure retained for reproducible comparison.
inverse-asymptotics-and-computability/Inverse_and_Sampling_Frontiers/assets/Fabius_Dyadic_Self_Sampling_Frontier_Package/defect_profiles.png,d35e0cb1084fed73a7ec635572dcd4ab90456ae29a1710018c2be4be8fd956d4,178978,figure_raster,assets/self-sampling/figures/defect_profiles.png,retained_copy,Unique raster figure retained for reproducible comparison.
inverse-asymptotics-and-computability/Inverse_and_Sampling_Frontiers/assets/Fabius_Dyadic_Self_Sampling_Frontier_Package/experiments.py,e07f0e2207db50730c4bf7a64569dba7c64959c29749f6be5577cb10e83391cf,23083,reproduction_script,assets/self-sampling/scripts/experiments.py,retained_copy,Unique reproducibility program retained under a semantic namespace.
inverse-asymptotics-and-computability/Inverse_and_Sampling_Frontiers/assets/Fabius_Dyadic_Self_Sampling_Frontier_Package/harmonic_tail_table.tex,541a3b26aa123535797a38b6bc3020427c08c94fce847abe6ec9d3d3a3d82a26,376,generated_tex,assets/self-sampling/generated/harmonic_tail_table.tex,retained_copy,Unique machine-generated TeX fragment retained.
inverse-asymptotics-and-computability/Inverse_and_Sampling_Frontiers/assets/Fabius_Dyadic_Self_Sampling_Frontier_Package/quadrature_table.csv,3dd968665b367130ed6d41cafdc2e7277e78cf44590b8a33272c501caee6f2ae,495,numeric_data,assets/self-sampling/data/quadrature_table.csv,retained_copy,Unique exact or high-precision data snapshot retained.
inverse-asymptotics-and-computability/Inverse_and_Sampling_Frontiers/assets/Fabius_Dyadic_Self_Sampling_Frontier_Package/quadrature_table.tex,43b22a0d790f7486e1a543f3dac2cb1b208b7e368e9918c88b65ec9719472023,710,generated_tex,assets/self-sampling/generated/quadrature_table_exact.tex,retained_copy,Exact table paired with the decimal display and common generating script.
inverse-asymptotics-and-computability/Inverse_and_Sampling_Frontiers/assets/Fabius_Dyadic_Self_Sampling_Frontier_Package/quadrature_table_display.tex,1cd8ed5fddd739ef13fc974876941a0c3a07ba4a02f569636a72390fd70296b9,559,generated_tex,assets/self-sampling/generated/quadrature_table_display.tex,retained_copy,Decimal display paired with the exact table; both are generated from one script.
inverse-asymptotics-and-computability/Inverse_and_Sampling_Frontiers/assets/Fabius_Dyadic_Self_Sampling_Frontier_Package/quadrature_weights.png,0b77f6ecdabf9f8edaa55ae47a3af60b6a31bfb7ef59a9011dea93a8a04a8597,64470,figure_raster,assets/self-sampling/figures/quadrature_weights.png,retained_copy,Unique raster figure retained for reproducible comparison.
inverse-asymptotics-and-computability/Inverse_and_Sampling_Frontiers/assets/Fabius_Dyadic_Self_Sampling_Frontier_Package/spectral_check.tex,6202fbbd6c83bac937fd7aa0a94b62c28215b92ac9ff28fb368d5b3244dfd869,813,generated_tex,assets/self-sampling/generated/spectral_check_exact.tex,retained_copy,Exact spectral table paired with its decimal display.
inverse-asymptotics-and-computability/Inverse_and_Sampling_Frontiers/assets/Fabius_Dyadic_Self_Sampling_Frontier_Package/spectral_check_display.tex,5cb4babb3fa025c78eb217f401f3017a77825d67519270e0f6acd75101a209c1,672,generated_tex,assets/self-sampling/generated/spectral_check_display.tex,retained_copy,Decimal display paired with the exact spectral table and common generating script.
inverse-asymptotics-and-computability/Inverse_and_Sampling_Frontiers/assets/Fabius_Inverse_Frontier_Report_Source_and_PDF/README.txt,28fb57783c88919da88fa69d82825aeb39636d8f55636de1a45ade054d484b27,2219,package_documentation,assets/README.md,merged_into_canonical_reproduction_readme,"Commands, dependencies, and status notes are consolidated into the asset README."
inverse-asymptotics-and-computability/Inverse_and_Sampling_Frontiers/assets/Fabius_Inverse_Frontier_Report_Source_and_PDF/SHA256SUMS.txt,663d02e7c98df4b126de9a16e49b27deb3be0106f251ace7eeddc473f52d37f9,1145,provenance_ledger,assets/provenance/sampling/inverse-frontier-SHA256SUMS.txt,retained_copy,"Historical checksum or arrival manifest retained as provenance, not as the live canonical ledger."
inverse-asymptotics-and-computability/Inverse_and_Sampling_Frontiers/assets/Fabius_Inverse_Frontier_Report_Source_and_PDF/data/constants.txt,40e512c2b878496ec5afc59e11478c7a947058845776605212cc383e0e625466,355,numeric_data,assets/inverse-germs/data/constants.txt,retained_copy,Unique exact or high-precision data snapshot retained.
inverse-asymptotics-and-computability/Inverse_and_Sampling_Frontiers/assets/Fabius_Inverse_Frontier_Report_Source_and_PDF/data/endpoint_errors.csv,3d6d4800c49c66f5db9f48dcefdeb98ddb2197f7aacb1971afe73277fde949ef,63856,numeric_data,assets/inverse-germs/data/endpoint_errors.csv,retained_copy,Unique exact or high-precision data snapshot retained.
inverse-asymptotics-and-computability/Inverse_and_Sampling_Frontiers/assets/Fabius_Inverse_Frontier_Report_Source_and_PDF/data/quarter_quantile_errors.csv,f996316519d9186b3f0c04e01fd161c2260a90aadcd76bbf12d2c02b4a5eeee1,4333,numeric_data,assets/inverse-germs/data/quarter_quantile_errors.csv,retained_copy,Unique exact or high-precision data snapshot retained.
inverse-asymptotics-and-computability/Inverse_and_Sampling_Frontiers/assets/Fabius_Inverse_Frontier_Report_Source_and_PDF/data/symbolic_verification.txt,74eba0c68a869cb1d8b94734c3bb9e8d42c9cb28e477c2e977830bfd9f99407a,1958,numeric_log,assets/inverse-germs/data/symbolic_verification.txt,retained_copy,Unique symbolic or numerical verification log retained.
inverse-asymptotics-and-computability/Inverse_and_Sampling_Frontiers/assets/Fabius_Inverse_Frontier_Report_Source_and_PDF/figures/endpoint_inverse_errors.png,c6119c40bbdb4204b3ae41ffda01d4e2c6040e7edee5a988d3b78d5f6495444d,125632,figure_raster,assets/inverse-germs/figures/endpoint_inverse_errors.png,retained_copy,Unique raster figure retained for reproducible comparison.
inverse-asymptotics-and-computability/Inverse_and_Sampling_Frontiers/assets/Fabius_Inverse_Frontier_Report_Source_and_PDF/figures/periodic_inverse_phase.png,82278a64d63cf55fa3b921c5faef375daa882a4bc0ef175991d94408d63aa3a1,56248,figure_raster,assets/inverse-germs/figures/periodic_inverse_phase.png,retained_copy,Unique raster figure retained for reproducible comparison.
inverse-asymptotics-and-computability/Inverse_and_Sampling_Frontiers/assets/Fabius_Inverse_Frontier_Report_Source_and_PDF/figures/quarter_quantile_richardson.png,7b927315139a9c204b121d957d38d407e63586ea8230378afc55837e2016f90c,125538,figure_raster,assets/inverse-germs/figures/quarter_quantile_richardson.png,retained_copy,Unique raster figure retained for reproducible comparison.
inverse-asymptotics-and-computability/Inverse_and_Sampling_Frontiers/assets/Fabius_Inverse_Frontier_Report_Source_and_PDF/generate_data.py,181be8c42c948980b8803b788ac1cae1959bb67ab797174c5a7424ffd74acf52,6263,reproduction_script,assets/inverse-germs/scripts/generate_data.py,retained_with_portability_patch,Unique generator retained with its hard-coded /mnt/data destination replaced by a portable --output-dir option.
inverse-asymptotics-and-computability/Inverse_and_Sampling_Frontiers/assets/Fabius_Inverse_Frontier_Report_Source_and_PDF/verify_symbolic_fast.py,06256fa44686ff1743fb34867a124020703855fe831f55cf00975d22268b3ed7,2664,reproduction_script,assets/inverse-germs/scripts/verify_symbolic_fast.py,retained_copy,Unique reproducibility program retained under a semantic namespace.
inverse-asymptotics-and-computability/README.md,b1460d7e5b0609c99f589b05bd71012caa04ad6f92a39fee09d1bf46f1358a19,610,subgroup_documentation,README.md,merged_into_canonical_documentation,The subgroup catalog is replaced by the canonical package documentation.
